-- IMPORTATION DES DONNÉES DEPUIS LES FICHIERS JSON

-- Classes
INSERT INTO public.classes (id, label, niveau, "order") VALUES ('6eme', '6ème', 'Collège', 1) ON CONFLICT (id) DO UPDATE SET label = EXCLUDED.label, niveau = EXCLUDED.niveau, "order" = EXCLUDED."order";
INSERT INTO public.classes (id, label, niveau, "order") VALUES ('5eme', '5ème', 'Collège', 2) ON CONFLICT (id) DO UPDATE SET label = EXCLUDED.label, niveau = EXCLUDED.niveau, "order" = EXCLUDED."order";
INSERT INTO public.classes (id, label, niveau, "order") VALUES ('4eme', '4ème', 'Collège', 3) ON CONFLICT (id) DO UPDATE SET label = EXCLUDED.label, niveau = EXCLUDED.niveau, "order" = EXCLUDED."order";
INSERT INTO public.classes (id, label, niveau, "order") VALUES ('3eme', '3ème', 'Collège', 4) ON CONFLICT (id) DO UPDATE SET label = EXCLUDED.label, niveau = EXCLUDED.niveau, "order" = EXCLUDED."order";
INSERT INTO public.classes (id, label, niveau, "order") VALUES ('2nde', 'Seconde', 'Lycée', 5) ON CONFLICT (id) DO UPDATE SET label = EXCLUDED.label, niveau = EXCLUDED.niveau, "order" = EXCLUDED."order";
INSERT INTO public.classes (id, label, niveau, "order") VALUES ('1ere', 'Première', 'Lycée', 6) ON CONFLICT (id) DO UPDATE SET label = EXCLUDED.label, niveau = EXCLUDED.niveau, "order" = EXCLUDED."order";
INSERT INTO public.classes (id, label, niveau, "order") VALUES ('terminale', 'Terminale', 'Lycée', 7) ON CONFLICT (id) DO UPDATE SET label = EXCLUDED.label, niveau = EXCLUDED.niveau, "order" = EXCLUDED."order";

-- Chapitres et jonctions classes
INSERT INTO public.chapters (id, title, description, "order", icon, color) VALUES ('nombres-entiers-decimaux', 'Nombres entiers et décimaux', 'Comprendre la valeur de chaque chiffre (unités, dizaines, centaines, dixièmes, centièmes, millièmes) ; décomposer un nombre : 12,345 = 12 + 3/10 + 4/100 + 5/1000 ; lire, écrire, comparer et encadrer ; passer d''une fraction décimale à l''écriture à virgule et inversement ; arrondir, estimer un ordre de grandeur et vérifier la cohérence d''un résultat.', 1, 'hash', 'blue') ON CONFLICT (id) DO UPDATE SET title = EXCLUDED.title, description = EXCLUDED.description, "order" = EXCLUDED."order", icon = EXCLUDED.icon, color = EXCLUDED.color;
INSERT INTO public.chapter_classes (chapter_id, class_id) VALUES ('nombres-entiers-decimaux', '6eme') ON CONFLICT DO NOTHING;
INSERT INTO public.chapters (id, title, description, "order", icon, color) VALUES ('fractions', 'Les Fractions', 'Voir la fraction comme partage et comme quotient ; placer une fraction sur une droite graduée ; simplifier par un diviseur commun ; comparer et encadrer ; passer d''une fraction décimale à l''écriture à virgule ; calculer une part k/n d''une quantité ; ajouter ou soustraire des fractions de même dénominateur ; comprendre le sens d''une fraction impropre (>1).', 2, 'divide', 'red') ON CONFLICT (id) DO UPDATE SET title = EXCLUDED.title, description = EXCLUDED.description, "order" = EXCLUDED."order", icon = EXCLUDED.icon, color = EXCLUDED.color;
INSERT INTO public.chapter_classes (chapter_id, class_id) VALUES ('fractions', '6eme') ON CONFLICT DO NOTHING;
INSERT INTO public.chapter_classes (chapter_id, class_id) VALUES ('fractions', '5eme') ON CONFLICT DO NOTHING;
INSERT INTO public.chapters (id, title, description, "order", icon, color) VALUES ('algebre', 'Algèbre', 'Utiliser une lettre pour représenter un nombre inconnu ; traduire une phrase en expression numérique/littérale ; appliquer les priorités (parenthèses, multiplications/divisions, additions/soustractions) ; remplacer une lettre par une valeur pour calculer ; résoudre des égalités simples de la forme ax + b = c ; repérer des régularités dans des suites ou des figures et commencer à généraliser.', 3, 'variable', 'teal') ON CONFLICT (id) DO UPDATE SET title = EXCLUDED.title, description = EXCLUDED.description, "order" = EXCLUDED."order", icon = EXCLUDED.icon, color = EXCLUDED.color;
INSERT INTO public.chapter_classes (chapter_id, class_id) VALUES ('algebre', '6eme') ON CONFLICT DO NOTHING;
INSERT INTO public.chapters (id, title, description, "order", icon, color) VALUES ('longueurs', 'Les Longueurs', 'Maîtriser les unités (mm, cm, dm, m, km) avec tableau de conversion ; estimer un ordre de grandeur ; mesurer et tracer avec règle/compas ; calculer des périmètres : rectangle 2(L + l), carré 4c, cercle 2πr ; résoudre des problèmes de trajets cumulés et d''échelles simples.', 4, 'ruler', 'cyan') ON CONFLICT (id) DO UPDATE SET title = EXCLUDED.title, description = EXCLUDED.description, "order" = EXCLUDED."order", icon = EXCLUDED.icon, color = EXCLUDED.color;
INSERT INTO public.chapter_classes (chapter_id, class_id) VALUES ('longueurs', '6eme') ON CONFLICT DO NOTHING;
INSERT INTO public.chapters (id, title, description, "order", icon, color) VALUES ('aires', 'Les Aires', 'Utiliser les unités d''aire (m², dm², cm²) et convertir ; connaître les formules : rectangle A = L × l, carré A = c², triangle A = (b × h)/2, disque A = πr² ; relier périmètre et aire ; estimer et comparer des surfaces ; résoudre des problèmes de pavage, carrelage ou peinture.', 5, 'square', 'green') ON CONFLICT (id) DO UPDATE SET title = EXCLUDED.title, description = EXCLUDED.description, "order" = EXCLUDED."order", icon = EXCLUDED.icon, color = EXCLUDED.color;
INSERT INTO public.chapter_classes (chapter_id, class_id) VALUES ('aires', '6eme') ON CONFLICT DO NOTHING;
INSERT INTO public.chapter_classes (chapter_id, class_id) VALUES ('aires', '5eme') ON CONFLICT DO NOTHING;
INSERT INTO public.chapter_classes (chapter_id, class_id) VALUES ('aires', '4eme') ON CONFLICT DO NOTHING;
INSERT INTO public.chapters (id, title, description, "order", icon, color) VALUES ('volumes', 'Les Volumes', 'Reconnaître cube et pavé droit ; utiliser V = L × l × h et V = c³ ; lier volumes (m³, dm³, cm³) et capacités (L, mL) avec 1 L = 1 dm³ = 1000 cm³ ; approcher le volume d''autres solides simples ; résoudre des problèmes de remplissage, contenance et empilement.', 6, 'cube', 'amber') ON CONFLICT (id) DO UPDATE SET title = EXCLUDED.title, description = EXCLUDED.description, "order" = EXCLUDED."order", icon = EXCLUDED.icon, color = EXCLUDED.color;
INSERT INTO public.chapter_classes (chapter_id, class_id) VALUES ('volumes', '6eme') ON CONFLICT DO NOTHING;
INSERT INTO public.chapters (id, title, description, "order", icon, color) VALUES ('temps-durees', 'Repérage dans le temps et durées', 'Lire une horloge analogique ou numérique ; convertir heures, minutes, secondes (base 60) ; calculer une durée ou retrouver une heure de début/fin ; utiliser le calendrier (mois, jours, années bissextiles) ; estimer un temps de parcours et relier durée, distance, vitesse simple.', 7, 'clock', 'pink') ON CONFLICT (id) DO UPDATE SET title = EXCLUDED.title, description = EXCLUDED.description, "order" = EXCLUDED."order", icon = EXCLUDED.icon, color = EXCLUDED.color;
INSERT INTO public.chapter_classes (chapter_id, class_id) VALUES ('temps-durees', '6eme') ON CONFLICT DO NOTHING;
INSERT INTO public.chapters (id, title, description, "order", icon, color) VALUES ('geometrie-plane', 'Configurations planes', 'Mobiliser le vocabulaire : points, segments, droites, demi-droites ; identifier parallèles et perpendiculaires ; mesurer et construire des angles avec le rapporteur ; connaître les propriétés des triangles (isocèle, rectangle) et des quadrilatères usuels ; cercle : rayon, diamètre, centre ; utiliser équerre et compas ; repérer des axes de symétrie simples.', 8, 'triangle', 'indigo') ON CONFLICT (id) DO UPDATE SET title = EXCLUDED.title, description = EXCLUDED.description, "order" = EXCLUDED."order", icon = EXCLUDED.icon, color = EXCLUDED.color;
INSERT INTO public.chapter_classes (chapter_id, class_id) VALUES ('geometrie-plane', '6eme') ON CONFLICT DO NOTHING;
INSERT INTO public.chapters (id, title, description, "order", icon, color) VALUES ('vision-espace', 'Vision dans l''espace', 'Identifier cubes, pavés, prismes, cylindres, pyramides ; compter faces, arêtes, sommets ; lire et produire des vues de face/côté/haut ; comprendre et utiliser des patrons simples ; relier le volume d''un solide à la surface de son patron.', 9, 'box', 'violet') ON CONFLICT (id) DO UPDATE SET title = EXCLUDED.title, description = EXCLUDED.description, "order" = EXCLUDED."order", icon = EXCLUDED.icon, color = EXCLUDED.color;
INSERT INTO public.chapter_classes (chapter_id, class_id) VALUES ('vision-espace', '6eme') ON CONFLICT DO NOTHING;
INSERT INTO public.chapters (id, title, description, "order", icon, color) VALUES ('gestion-donnees', 'Organisation et gestion de données', 'Lire et compléter des tableaux ; choisir et interpréter un diagramme en barres ou circulaire ; calculer moyenne et étendue ; introduire fréquence et pourcentage simple ; critiquer ou valider une représentation en fonction des données.', 10, 'chart', 'slate') ON CONFLICT (id) DO UPDATE SET title = EXCLUDED.title, description = EXCLUDED.description, "order" = EXCLUDED."order", icon = EXCLUDED.icon, color = EXCLUDED.color;
INSERT INTO public.chapter_classes (chapter_id, class_id) VALUES ('gestion-donnees', '6eme') ON CONFLICT DO NOTHING;
INSERT INTO public.chapters (id, title, description, "order", icon, color) VALUES ('probabilites', 'Les Probabilités', 'Découvrir le hasard par des jeux (dé, pièce, urne) ; énumérer les issues et les événements ; distinguer événement certain, impossible, équiprobable ; exprimer une probabilité simple en fraction ou pourcentage ; comprendre que la somme des probabilités des issues vaut 1.', 11, 'dice', 'rose') ON CONFLICT (id) DO UPDATE SET title = EXCLUDED.title, description = EXCLUDED.description, "order" = EXCLUDED."order", icon = EXCLUDED.icon, color = EXCLUDED.color;
INSERT INTO public.chapter_classes (chapter_id, class_id) VALUES ('probabilites', '6eme') ON CONFLICT DO NOTHING;
INSERT INTO public.chapters (id, title, description, "order", icon, color) VALUES ('proportionnalite', 'La Proportionnalité', 'Repérer un tableau proportionnel (coefficient constant, linéarité) ; utiliser le passage à l''unité et le produit en croix ; manipuler pourcentages et échelles ; traiter des vitesses constantes et lire un graphique y = kx ; vérifier ou invalider la proportionnalité d''une situation.', 12, 'percent', 'purple') ON CONFLICT (id) DO UPDATE SET title = EXCLUDED.title, description = EXCLUDED.description, "order" = EXCLUDED."order", icon = EXCLUDED.icon, color = EXCLUDED.color;
INSERT INTO public.chapter_classes (chapter_id, class_id) VALUES ('proportionnalite', '6eme') ON CONFLICT DO NOTHING;
INSERT INTO public.chapter_classes (chapter_id, class_id) VALUES ('proportionnalite', '5eme') ON CONFLICT DO NOTHING;
INSERT INTO public.chapters (id, title, description, "order", icon, color) VALUES ('pensee-informatique', 'Pensée informatique', 'Décomposer un problème en étapes ; décrire un algorithme en mots ou en pseudo-code ; utiliser des boucles pour répéter des actions ; introduire des instructions conditionnelles simples ; tester, repérer et corriger une erreur (débogage) ; appliquer ces idées à des tracés ou à des suites d''actions.', 13, 'code', 'orange') ON CONFLICT (id) DO UPDATE SET title = EXCLUDED.title, description = EXCLUDED.description, "order" = EXCLUDED."order", icon = EXCLUDED.icon, color = EXCLUDED.color;
INSERT INTO public.chapter_classes (chapter_id, class_id) VALUES ('pensee-informatique', '6eme') ON CONFLICT DO NOTHING;

-- Exercices
INSERT INTO public.exercises (id, chapter_id, difficulty, question, answer, unit, solution, hints) VALUES ('dec-ex-1', 'nombres-entiers-decimaux', 'facile', 'Quel est le chiffre des centièmes dans 14,567 ?', '6', '', '14,567 = 14 + 5/10 + 6/100 + 7/1000. Le centième est le 2ᵉ chiffre après la virgule : 6.', '{"Le deuxième chiffre après la virgule."}') ON CONFLICT (id) DO UPDATE SET chapter_id = EXCLUDED.chapter_id, difficulty = EXCLUDED.difficulty, question = EXCLUDED.question, answer = EXCLUDED.answer, unit = EXCLUDED.unit, solution = EXCLUDED.solution, hints = EXCLUDED.hints;
INSERT INTO public.exercises (id, chapter_id, difficulty, question, answer, unit, solution, hints) VALUES ('dec-ex-2', 'nombres-entiers-decimaux', 'facile', 'Écris le nombre trois cent vingt-quatre virgule cinq en chiffres.', '324,5', '', 'Partie entière : 324. Partie décimale : 0,5. On assemble 324 et ,5 → 324,5.', '{"Pense à séparer la partie entière et décimale."}') ON CONFLICT (id) DO UPDATE SET chapter_id = EXCLUDED.chapter_id, difficulty = EXCLUDED.difficulty, question = EXCLUDED.question, answer = EXCLUDED.answer, unit = EXCLUDED.unit, solution = EXCLUDED.solution, hints = EXCLUDED.hints;
INSERT INTO public.exercises (id, chapter_id, difficulty, question, answer, unit, solution, hints) VALUES ('dec-ex-3', 'nombres-entiers-decimaux', 'facile', 'Range dans l''ordre croissant : 5,3 ; 5,03 ; 5,33', '5,03 ; 5,3 ; 5,33', '', 'Complète 5,3 en 5,30 pour comparer : 5,03 < 5,30 < 5,33 donc ordre croissant = 5,03 ; 5,3 ; 5,33.', '{"Compare chiffre par chiffre après la virgule."}') ON CONFLICT (id) DO UPDATE SET chapter_id = EXCLUDED.chapter_id, difficulty = EXCLUDED.difficulty, question = EXCLUDED.question, answer = EXCLUDED.answer, unit = EXCLUDED.unit, solution = EXCLUDED.solution, hints = EXCLUDED.hints;
INSERT INTO public.exercises (id, chapter_id, difficulty, question, answer, unit, solution, hints) VALUES ('dec-ex-4', 'nombres-entiers-decimaux', 'moyen', 'Calcule 23,5 + 14,8', '38,3', '', 'Aligne les virgules : 23,5
+ 14,8
= 38,3. On additionne unités (23+14) puis dixièmes (0,5+0,8=1,3) → 38,3.', '{"Aligne les virgules avant d''additionner."}') ON CONFLICT (id) DO UPDATE SET chapter_id = EXCLUDED.chapter_id, difficulty = EXCLUDED.difficulty, question = EXCLUDED.question, answer = EXCLUDED.answer, unit = EXCLUDED.unit, solution = EXCLUDED.solution, hints = EXCLUDED.hints;
INSERT INTO public.exercises (id, chapter_id, difficulty, question, answer, unit, solution, hints) VALUES ('dec-ex-5', 'nombres-entiers-decimaux', 'moyen', 'Calcule 45,6 - 12,3', '33,3', '', 'Aligne les virgules : 45,6 - 12,3. Soustrais unités (45-12=33) et dixièmes (0,6-0,3=0,3) → 33,3.', '{"Soustrais les dixièmes et les unités séparément."}') ON CONFLICT (id) DO UPDATE SET chapter_id = EXCLUDED.chapter_id, difficulty = EXCLUDED.difficulty, question = EXCLUDED.question, answer = EXCLUDED.answer, unit = EXCLUDED.unit, solution = EXCLUDED.solution, hints = EXCLUDED.hints;
INSERT INTO public.exercises (id, chapter_id, difficulty, question, answer, unit, solution, hints) VALUES ('dec-ex-6', 'nombres-entiers-decimaux', 'moyen', 'Multiplie 3,5 par 10', '35', '', 'Multiplier par 10 décale la virgule d''un rang à droite : 3,5 → 35.', '{"Multiplier par 10 décale la virgule."}') ON CONFLICT (id) DO UPDATE SET chapter_id = EXCLUDED.chapter_id, difficulty = EXCLUDED.difficulty, question = EXCLUDED.question, answer = EXCLUDED.answer, unit = EXCLUDED.unit, solution = EXCLUDED.solution, hints = EXCLUDED.hints;
INSERT INTO public.exercises (id, chapter_id, difficulty, question, answer, unit, solution, hints) VALUES ('dec-ex-7', 'nombres-entiers-decimaux', 'moyen', 'Divise 48 par 10', '4,8', '', 'Diviser par 10 décale la virgule d''un rang à gauche : 48 → 4,8.', '{"Diviser par 10 décale la virgule."}') ON CONFLICT (id) DO UPDATE SET chapter_id = EXCLUDED.chapter_id, difficulty = EXCLUDED.difficulty, question = EXCLUDED.question, answer = EXCLUDED.answer, unit = EXCLUDED.unit, solution = EXCLUDED.solution, hints = EXCLUDED.hints;
INSERT INTO public.exercises (id, chapter_id, difficulty, question, answer, unit, solution, hints) VALUES ('dec-ex-8', 'nombres-entiers-decimaux', 'difficile', 'Arrondis 67,849 au dixième près.', '67,8', '', 'On arrondit au dixième : on regarde le centième (4). Comme 4 < 5, on abaisse et on garde 67,8.', '{"Regarde le chiffre des centièmes."}') ON CONFLICT (id) DO UPDATE SET chapter_id = EXCLUDED.chapter_id, difficulty = EXCLUDED.difficulty, question = EXCLUDED.question, answer = EXCLUDED.answer, unit = EXCLUDED.unit, solution = EXCLUDED.solution, hints = EXCLUDED.hints;
INSERT INTO public.exercises (id, chapter_id, difficulty, question, answer, unit, solution, hints) VALUES ('dec-ex-9', 'nombres-entiers-decimaux', 'difficile', 'Calcule 12,5 × 4', '50', '', 'Décompose 12,5 = 12 + 0,5. 12 × 4 = 48 et 0,5 × 4 = 2. Somme = 48 + 2 = 50.', '{"Décompose 12,5 en 12 + 0,5."}') ON CONFLICT (id) DO UPDATE SET chapter_id = EXCLUDED.chapter_id, difficulty = EXCLUDED.difficulty, question = EXCLUDED.question, answer = EXCLUDED.answer, unit = EXCLUDED.unit, solution = EXCLUDED.solution, hints = EXCLUDED.hints;
INSERT INTO public.exercises (id, chapter_id, difficulty, question, answer, unit, solution, hints) VALUES ('dec-ex-10', 'nombres-entiers-decimaux', 'difficile', 'Quelle est la partie décimale de 145,672 ?', '0,672', '', 'Sépare partie entière (145) et partie décimale (tout après la virgule). Ici la partie décimale est 0,672.', '{"C''est ce qui vient après la virgule."}') ON CONFLICT (id) DO UPDATE SET chapter_id = EXCLUDED.chapter_id, difficulty = EXCLUDED.difficulty, question = EXCLUDED.question, answer = EXCLUDED.answer, unit = EXCLUDED.unit, solution = EXCLUDED.solution, hints = EXCLUDED.hints;
INSERT INTO public.exercises (id, chapter_id, difficulty, question, answer, unit, solution, hints) VALUES ('frac-ex-1', 'fractions', 'facile', 'Quelle fraction représente 1 part sur 4 ?', '1/4', '', 'Une fraction s''écrit (parts prises)/(parts totales). Pour 1 part sur 4 : 1/4.', '{"Nombre de parts sur total de parts."}') ON CONFLICT (id) DO UPDATE SET chapter_id = EXCLUDED.chapter_id, difficulty = EXCLUDED.difficulty, question = EXCLUDED.question, answer = EXCLUDED.answer, unit = EXCLUDED.unit, solution = EXCLUDED.solution, hints = EXCLUDED.hints;
INSERT INTO public.exercises (id, chapter_id, difficulty, question, answer, unit, solution, hints) VALUES ('frac-ex-2', 'fractions', 'facile', 'Calcule la moitié de 18.', '9', '', 'La moitié c''est diviser par 2 : 18 ÷ 2 = 9.', '{"La moitié = diviser par 2."}') ON CONFLICT (id) DO UPDATE SET chapter_id = EXCLUDED.chapter_id, difficulty = EXCLUDED.difficulty, question = EXCLUDED.question, answer = EXCLUDED.answer, unit = EXCLUDED.unit, solution = EXCLUDED.solution, hints = EXCLUDED.hints;
INSERT INTO public.exercises (id, chapter_id, difficulty, question, answer, unit, solution, hints) VALUES ('frac-ex-3', 'fractions', 'facile', 'Quelle est la fraction de 3 parts sur 5 ?', '3/5', '', 'Numérateur = parts prises (3), dénominateur = total (5). Fraction = 3/5.', '{"Numérateur = parts prises, dénominateur = total."}') ON CONFLICT (id) DO UPDATE SET chapter_id = EXCLUDED.chapter_id, difficulty = EXCLUDED.difficulty, question = EXCLUDED.question, answer = EXCLUDED.answer, unit = EXCLUDED.unit, solution = EXCLUDED.solution, hints = EXCLUDED.hints;
INSERT INTO public.exercises (id, chapter_id, difficulty, question, answer, unit, solution, hints) VALUES ('frac-ex-4', 'fractions', 'moyen', 'Calcule les 2/3 de 12.', '8', '', '2/3 de 12 = 12 × 2/3. Méthode : divise d''abord par 3 → 4, puis multiplie par 2 → 8.', '{"Divise par le dénominateur, multiplie par le numérateur."}') ON CONFLICT (id) DO UPDATE SET chapter_id = EXCLUDED.chapter_id, difficulty = EXCLUDED.difficulty, question = EXCLUDED.question, answer = EXCLUDED.answer, unit = EXCLUDED.unit, solution = EXCLUDED.solution, hints = EXCLUDED.hints;
INSERT INTO public.exercises (id, chapter_id, difficulty, question, answer, unit, solution, hints) VALUES ('frac-ex-5', 'fractions', 'moyen', 'Calcule les 3/4 de 20 €.', '15', '€', '3/4 de 20 = 20 × 3/4. Divise par 4 → 5, puis multiplie par 3 → 15 €.', '{"Divise d''abord 20 par 4, puis multiplie par 3."}') ON CONFLICT (id) DO UPDATE SET chapter_id = EXCLUDED.chapter_id, difficulty = EXCLUDED.difficulty, question = EXCLUDED.question, answer = EXCLUDED.answer, unit = EXCLUDED.unit, solution = EXCLUDED.solution, hints = EXCLUDED.hints;
INSERT INTO public.exercises (id, chapter_id, difficulty, question, answer, unit, solution, hints) VALUES ('frac-ex-6', 'fractions', 'moyen', 'Simplifie la fraction 6/12.', '1/2', '', 'Simplifie par le plus grand diviseur commun 6 : 6/12 = (6÷6)/(12÷6) = 1/2.', '{"Trouve le diviseur commun (ici 6)."}') ON CONFLICT (id) DO UPDATE SET chapter_id = EXCLUDED.chapter_id, difficulty = EXCLUDED.difficulty, question = EXCLUDED.question, answer = EXCLUDED.answer, unit = EXCLUDED.unit, solution = EXCLUDED.solution, hints = EXCLUDED.hints;
INSERT INTO public.exercises (id, chapter_id, difficulty, question, answer, unit, solution, hints) VALUES ('frac-ex-7', 'fractions', 'moyen', 'Compare 1/2 et 1/3. Laquelle est la plus grande ?', '1/2', '', 'Compare les valeurs décimales : 1/2 = 0,5 ; 1/3 ≈ 0,33. 0,5 est plus grand, donc 1/2 > 1/3.', '{"Plus le dénominateur est grand, plus les parts sont petites."}') ON CONFLICT (id) DO UPDATE SET chapter_id = EXCLUDED.chapter_id, difficulty = EXCLUDED.difficulty, question = EXCLUDED.question, answer = EXCLUDED.answer, unit = EXCLUDED.unit, solution = EXCLUDED.solution, hints = EXCLUDED.hints;
INSERT INTO public.exercises (id, chapter_id, difficulty, question, answer, unit, solution, hints) VALUES ('frac-ex-8', 'fractions', 'difficile', 'Calcule 1/2 + 1/4.', '3/4', '', 'Mets au même dénominateur : 1/2 = 2/4. Addition : 2/4 + 1/4 = 3/4.', '{"Mets au même dénominateur."}') ON CONFLICT (id) DO UPDATE SET chapter_id = EXCLUDED.chapter_id, difficulty = EXCLUDED.difficulty, question = EXCLUDED.question, answer = EXCLUDED.answer, unit = EXCLUDED.unit, solution = EXCLUDED.solution, hints = EXCLUDED.hints;
INSERT INTO public.exercises (id, chapter_id, difficulty, question, answer, unit, solution, hints) VALUES ('frac-ex-9', 'fractions', 'difficile', 'Écris 7/4 sous forme de nombre mixte.', '1 et 3/4', '', 'Divise 7 par 4 : on fait 1 entier et il reste 3. Donc 7/4 = 1 + 3/4.', '{"Combien de fois 4 dans 7 ?"}') ON CONFLICT (id) DO UPDATE SET chapter_id = EXCLUDED.chapter_id, difficulty = EXCLUDED.difficulty, question = EXCLUDED.question, answer = EXCLUDED.answer, unit = EXCLUDED.unit, solution = EXCLUDED.solution, hints = EXCLUDED.hints;
INSERT INTO public.exercises (id, chapter_id, difficulty, question, answer, unit, solution, hints) VALUES ('frac-ex-10', 'fractions', 'difficile', 'Quelle fraction de 24 est égale à 18 ?', '3/4', '', 'Écris 18/24 puis simplifie par 6 : (18÷6)/(24÷6) = 3/4.', '{"Écris 18/24 et simplifie."}') ON CONFLICT (id) DO UPDATE SET chapter_id = EXCLUDED.chapter_id, difficulty = EXCLUDED.difficulty, question = EXCLUDED.question, answer = EXCLUDED.answer, unit = EXCLUDED.unit, solution = EXCLUDED.solution, hints = EXCLUDED.hints;
INSERT INTO public.exercises (id, chapter_id, difficulty, question, answer, unit, solution, hints) VALUES ('alg-ex-1', 'algebre', 'facile', 'Si x = 5, calcule x + 3.', '8', '', 'Remplace x par 5 : x + 3 = 5 + 3 = 8.', '{"Remplace x par sa valeur."}') ON CONFLICT (id) DO UPDATE SET chapter_id = EXCLUDED.chapter_id, difficulty = EXCLUDED.difficulty, question = EXCLUDED.question, answer = EXCLUDED.answer, unit = EXCLUDED.unit, solution = EXCLUDED.solution, hints = EXCLUDED.hints;
INSERT INTO public.exercises (id, chapter_id, difficulty, question, answer, unit, solution, hints) VALUES ('alg-ex-2', 'algebre', 'facile', 'Si a = 7, calcule 2 × a.', '14', '', 'Remplace a par 7 puis multiplie : 2 × 7 = 14.', '{"Multiplie 2 par la valeur de a."}') ON CONFLICT (id) DO UPDATE SET chapter_id = EXCLUDED.chapter_id, difficulty = EXCLUDED.difficulty, question = EXCLUDED.question, answer = EXCLUDED.answer, unit = EXCLUDED.unit, solution = EXCLUDED.solution, hints = EXCLUDED.hints;
INSERT INTO public.exercises (id, chapter_id, difficulty, question, answer, unit, solution, hints) VALUES ('alg-ex-3', 'algebre', 'facile', 'Complète : 5 + ... = 12', '7', '', 'On cherche le nombre qui manque : 5 + ? = 12 ⇒ ? = 12 - 5 = 7.', '{"Quelle valeur ajouter à 5 pour obtenir 12 ?"}') ON CONFLICT (id) DO UPDATE SET chapter_id = EXCLUDED.chapter_id, difficulty = EXCLUDED.difficulty, question = EXCLUDED.question, answer = EXCLUDED.answer, unit = EXCLUDED.unit, solution = EXCLUDED.solution, hints = EXCLUDED.hints;
INSERT INTO public.exercises (id, chapter_id, difficulty, question, answer, unit, solution, hints) VALUES ('alg-ex-4', 'algebre', 'moyen', 'Si n = 4, calcule 3 × n - 2.', '10', '', 'Priorité à la multiplication : 3 × 4 = 12, puis 12 - 2 = 10.', '{"Multiplie d''abord, puis soustrais."}') ON CONFLICT (id) DO UPDATE SET chapter_id = EXCLUDED.chapter_id, difficulty = EXCLUDED.difficulty, question = EXCLUDED.question, answer = EXCLUDED.answer, unit = EXCLUDED.unit, solution = EXCLUDED.solution, hints = EXCLUDED.hints;
INSERT INTO public.exercises (id, chapter_id, difficulty, question, answer, unit, solution, hints) VALUES ('alg-ex-5', 'algebre', 'moyen', 'Trouve x si x + 8 = 15.', '7', '', 'Isoler x : x + 8 = 15 ⇒ x = 15 - 8 = 7.', '{"Soustrais 8 des deux côtés."}') ON CONFLICT (id) DO UPDATE SET chapter_id = EXCLUDED.chapter_id, difficulty = EXCLUDED.difficulty, question = EXCLUDED.question, answer = EXCLUDED.answer, unit = EXCLUDED.unit, solution = EXCLUDED.solution, hints = EXCLUDED.hints;
INSERT INTO public.exercises (id, chapter_id, difficulty, question, answer, unit, solution, hints) VALUES ('alg-ex-6', 'algebre', 'moyen', 'Si y = 6, calcule y × 2 + 5.', '17', '', 'Calcule le produit puis ajoute : 6 × 2 = 12 ; 12 + 5 = 17.', '{"Effectue la multiplication en premier."}') ON CONFLICT (id) DO UPDATE SET chapter_id = EXCLUDED.chapter_id, difficulty = EXCLUDED.difficulty, question = EXCLUDED.question, answer = EXCLUDED.answer, unit = EXCLUDED.unit, solution = EXCLUDED.solution, hints = EXCLUDED.hints;
INSERT INTO public.exercises (id, chapter_id, difficulty, question, answer, unit, solution, hints) VALUES ('alg-ex-7', 'algebre', 'moyen', 'Trouve a si 2 × a = 18.', '9', '', 'Isoler a : 2 × a = 18 ⇒ a = 18 ÷ 2 = 9.', '{"Divise 18 par 2."}') ON CONFLICT (id) DO UPDATE SET chapter_id = EXCLUDED.chapter_id, difficulty = EXCLUDED.difficulty, question = EXCLUDED.question, answer = EXCLUDED.answer, unit = EXCLUDED.unit, solution = EXCLUDED.solution, hints = EXCLUDED.hints;
INSERT INTO public.exercises (id, chapter_id, difficulty, question, answer, unit, solution, hints) VALUES ('alg-ex-8', 'algebre', 'difficile', 'Si b = 3, calcule 4 × b + 2 × b.', '18', '', 'Calcule chaque terme : 4 × 3 = 12, 2 × 3 = 6, somme = 18.', '{"Calcule chaque terme séparément."}') ON CONFLICT (id) DO UPDATE SET chapter_id = EXCLUDED.chapter_id, difficulty = EXCLUDED.difficulty, question = EXCLUDED.question, answer = EXCLUDED.answer, unit = EXCLUDED.unit, solution = EXCLUDED.solution, hints = EXCLUDED.hints;
INSERT INTO public.exercises (id, chapter_id, difficulty, question, answer, unit, solution, hints) VALUES ('alg-ex-9', 'algebre', 'difficile', 'Trouve m si 3 × m - 5 = 10.', '5', '', 'Ajoute 5 aux deux côtés : 3m = 15. Puis divise par 3 : m = 15 ÷ 3 = 5.', '{"Ajoute 5 aux deux côtés d''abord."}') ON CONFLICT (id) DO UPDATE SET chapter_id = EXCLUDED.chapter_id, difficulty = EXCLUDED.difficulty, question = EXCLUDED.question, answer = EXCLUDED.answer, unit = EXCLUDED.unit, solution = EXCLUDED.solution, hints = EXCLUDED.hints;
INSERT INTO public.exercises (id, chapter_id, difficulty, question, answer, unit, solution, hints) VALUES ('alg-ex-10', 'algebre', 'difficile', 'Simplifie l''expression 2x + 3x.', '5x', '', 'On additionne les termes en x : 2x + 3x = (2 + 3)x = 5x.', '{"2 termes de x + 3 termes de x = ?"}') ON CONFLICT (id) DO UPDATE SET chapter_id = EXCLUDED.chapter_id, difficulty = EXCLUDED.difficulty, question = EXCLUDED.question, answer = EXCLUDED.answer, unit = EXCLUDED.unit, solution = EXCLUDED.solution, hints = EXCLUDED.hints;
INSERT INTO public.exercises (id, chapter_id, difficulty, question, answer, unit, solution, hints) VALUES ('long-ex-1', 'longueurs', 'facile', 'Convertis 3 m en cm.', '300', 'cm', '1 m = 100 cm, donc 3 m = 3 × 100 = 300 cm.', '{"Multiplie par 100."}') ON CONFLICT (id) DO UPDATE SET chapter_id = EXCLUDED.chapter_id, difficulty = EXCLUDED.difficulty, question = EXCLUDED.question, answer = EXCLUDED.answer, unit = EXCLUDED.unit, solution = EXCLUDED.solution, hints = EXCLUDED.hints;
INSERT INTO public.exercises (id, chapter_id, difficulty, question, answer, unit, solution, hints) VALUES ('long-ex-2', 'longueurs', 'facile', 'Convertis 2000 m en km.', '2', 'km', '1 km = 1000 m, donc 2000 m = 2000 ÷ 1000 = 2 km.', '{"Divise par 1000."}') ON CONFLICT (id) DO UPDATE SET chapter_id = EXCLUDED.chapter_id, difficulty = EXCLUDED.difficulty, question = EXCLUDED.question, answer = EXCLUDED.answer, unit = EXCLUDED.unit, solution = EXCLUDED.solution, hints = EXCLUDED.hints;
INSERT INTO public.exercises (id, chapter_id, difficulty, question, answer, unit, solution, hints) VALUES ('long-ex-3', 'longueurs', 'facile', 'Quelle est la longueur d''un segment de 45 mm en cm ?', '4,5', 'cm', '1 cm = 10 mm, donc 45 mm = 45 ÷ 10 = 4,5 cm.', '{"Divise par 10."}') ON CONFLICT (id) DO UPDATE SET chapter_id = EXCLUDED.chapter_id, difficulty = EXCLUDED.difficulty, question = EXCLUDED.question, answer = EXCLUDED.answer, unit = EXCLUDED.unit, solution = EXCLUDED.solution, hints = EXCLUDED.hints;
INSERT INTO public.exercises (id, chapter_id, difficulty, question, answer, unit, solution, hints) VALUES ('long-ex-4', 'longueurs', 'moyen', 'Calcule le périmètre d''un carré de côté 7 cm.', '28', 'cm', 'Périmètre = 4 × côté = 4 × 7 = 28 cm.', '{"Un carré a 4 côtés égaux."}') ON CONFLICT (id) DO UPDATE SET chapter_id = EXCLUDED.chapter_id, difficulty = EXCLUDED.difficulty, question = EXCLUDED.question, answer = EXCLUDED.answer, unit = EXCLUDED.unit, solution = EXCLUDED.solution, hints = EXCLUDED.hints;
INSERT INTO public.exercises (id, chapter_id, difficulty, question, answer, unit, solution, hints) VALUES ('long-ex-5', 'longueurs', 'moyen', 'Calcule le périmètre d''un rectangle de longueur 9 cm et largeur 5 cm.', '28', 'cm', 'Périmètre = 2 × (L + l) = 2 × (9 + 5) = 2 × 14 = 28 cm.', '{"Périmètre = somme de tous les côtés."}') ON CONFLICT (id) DO UPDATE SET chapter_id = EXCLUDED.chapter_id, difficulty = EXCLUDED.difficulty, question = EXCLUDED.question, answer = EXCLUDED.answer, unit = EXCLUDED.unit, solution = EXCLUDED.solution, hints = EXCLUDED.hints;
INSERT INTO public.exercises (id, chapter_id, difficulty, question, answer, unit, solution, hints) VALUES ('long-ex-6', 'longueurs', 'moyen', 'Convertis 5,6 km en m.', '5600', 'm', '5,6 km = 5,6 × 1000 = 5600 m.', '{"Multiplie par 1000."}') ON CONFLICT (id) DO UPDATE SET chapter_id = EXCLUDED.chapter_id, difficulty = EXCLUDED.difficulty, question = EXCLUDED.question, answer = EXCLUDED.answer, unit = EXCLUDED.unit, solution = EXCLUDED.solution, hints = EXCLUDED.hints;
INSERT INTO public.exercises (id, chapter_id, difficulty, question, answer, unit, solution, hints) VALUES ('long-ex-7', 'longueurs', 'moyen', 'Quelle est la distance en mètres d''un chemin de 2,5 km ?', '2500', 'm', '2,5 km = 2,5 × 1000 = 2500 m.', '{"1 km = 1000 m."}') ON CONFLICT (id) DO UPDATE SET chapter_id = EXCLUDED.chapter_id, difficulty = EXCLUDED.difficulty, question = EXCLUDED.question, answer = EXCLUDED.answer, unit = EXCLUDED.unit, solution = EXCLUDED.solution, hints = EXCLUDED.hints;
INSERT INTO public.exercises (id, chapter_id, difficulty, question, answer, unit, solution, hints) VALUES ('long-ex-8', 'longueurs', 'difficile', 'Un polygone a 6 côtés égaux de 4 cm chacun. Quel est son périmètre ?', '24', 'cm', 'Périmètre = 6 × 4 = 24 cm.', '{"Multiplie le nombre de côtés par la longueur."}') ON CONFLICT (id) DO UPDATE SET chapter_id = EXCLUDED.chapter_id, difficulty = EXCLUDED.difficulty, question = EXCLUDED.question, answer = EXCLUDED.answer, unit = EXCLUDED.unit, solution = EXCLUDED.solution, hints = EXCLUDED.hints;
INSERT INTO public.exercises (id, chapter_id, difficulty, question, answer, unit, solution, hints) VALUES ('long-ex-9', 'longueurs', 'difficile', 'Convertis 350 cm en mètres.', '3,5', 'm', '350 cm = 350 ÷ 100 = 3,5 m.', '{"Divise par 100."}') ON CONFLICT (id) DO UPDATE SET chapter_id = EXCLUDED.chapter_id, difficulty = EXCLUDED.difficulty, question = EXCLUDED.question, answer = EXCLUDED.answer, unit = EXCLUDED.unit, solution = EXCLUDED.solution, hints = EXCLUDED.hints;
INSERT INTO public.exercises (id, chapter_id, difficulty, question, answer, unit, solution, hints) VALUES ('long-ex-10', 'longueurs', 'difficile', 'La circonférence d''un cercle de rayon 5 cm est d''environ combien ? (π ≈ 3,14)', '31,4', 'cm', 'Circonférence = 2 × π × r = 2 × 3,14 × 5 = 31,4 cm.', '{"Utilise la formule 2πr."}') ON CONFLICT (id) DO UPDATE SET chapter_id = EXCLUDED.chapter_id, difficulty = EXCLUDED.difficulty, question = EXCLUDED.question, answer = EXCLUDED.answer, unit = EXCLUDED.unit, solution = EXCLUDED.solution, hints = EXCLUDED.hints;
INSERT INTO public.exercises (id, chapter_id, difficulty, question, answer, unit, solution, hints) VALUES ('aire-ex-1', 'aires', 'facile', 'Calcule l''aire d''un rectangle de longueur 8 cm et de largeur 5 cm.', '40', 'cm²', 'Aire = Longueur × Largeur = 8 × 5 = 40 cm².', '{"Utilise la formule A = L × l."}') ON CONFLICT (id) DO UPDATE SET chapter_id = EXCLUDED.chapter_id, difficulty = EXCLUDED.difficulty, question = EXCLUDED.question, answer = EXCLUDED.answer, unit = EXCLUDED.unit, solution = EXCLUDED.solution, hints = EXCLUDED.hints;
INSERT INTO public.exercises (id, chapter_id, difficulty, question, answer, unit, solution, hints) VALUES ('aire-ex-2', 'aires', 'facile', 'Quelle est l''aire d''un carré de côté 6 cm ?', '36', 'cm²', 'Aire = côté² = 6 × 6 = 36 cm².', '{"Multiplie le côté par lui-même."}') ON CONFLICT (id) DO UPDATE SET chapter_id = EXCLUDED.chapter_id, difficulty = EXCLUDED.difficulty, question = EXCLUDED.question, answer = EXCLUDED.answer, unit = EXCLUDED.unit, solution = EXCLUDED.solution, hints = EXCLUDED.hints;
INSERT INTO public.exercises (id, chapter_id, difficulty, question, answer, unit, solution, hints) VALUES ('aire-ex-3', 'aires', 'facile', 'Calcule l''aire d''un rectangle de 10 m sur 4 m.', '40', 'm²', 'Aire = 10 × 4 = 40 m².', '{"Longueur × largeur."}') ON CONFLICT (id) DO UPDATE SET chapter_id = EXCLUDED.chapter_id, difficulty = EXCLUDED.difficulty, question = EXCLUDED.question, answer = EXCLUDED.answer, unit = EXCLUDED.unit, solution = EXCLUDED.solution, hints = EXCLUDED.hints;
INSERT INTO public.exercises (id, chapter_id, difficulty, question, answer, unit, solution, hints) VALUES ('aire-ex-4', 'aires', 'moyen', 'Un terrain rectangulaire fait 25 m de long et 12 m de large. Quelle est son aire ?', '300', 'm²', 'Aire = 25 × 12 = 300 m².', '{"Multiplie longueur par largeur."}') ON CONFLICT (id) DO UPDATE SET chapter_id = EXCLUDED.chapter_id, difficulty = EXCLUDED.difficulty, question = EXCLUDED.question, answer = EXCLUDED.answer, unit = EXCLUDED.unit, solution = EXCLUDED.solution, hints = EXCLUDED.hints;
INSERT INTO public.exercises (id, chapter_id, difficulty, question, answer, unit, solution, hints) VALUES ('aire-ex-5', 'aires', 'moyen', 'Quelle est l''aire d''un triangle de base 10 cm et hauteur 6 cm ?', '30', 'cm²', 'Aire = (base × hauteur) ÷ 2 = (10 × 6) ÷ 2 = 30 cm².', '{"Formule du triangle : (b × h) / 2."}') ON CONFLICT (id) DO UPDATE SET chapter_id = EXCLUDED.chapter_id, difficulty = EXCLUDED.difficulty, question = EXCLUDED.question, answer = EXCLUDED.answer, unit = EXCLUDED.unit, solution = EXCLUDED.solution, hints = EXCLUDED.hints;
INSERT INTO public.exercises (id, chapter_id, difficulty, question, answer, unit, solution, hints) VALUES ('aire-ex-6', 'aires', 'moyen', 'Un carré a un périmètre de 20 cm. Quelle est son aire ?', '25', 'cm²', 'Côté = 20 ÷ 4 = 5 cm. Aire = 5² = 25 cm².', '{"Trouve d''abord le côté."}') ON CONFLICT (id) DO UPDATE SET chapter_id = EXCLUDED.chapter_id, difficulty = EXCLUDED.difficulty, question = EXCLUDED.question, answer = EXCLUDED.answer, unit = EXCLUDED.unit, solution = EXCLUDED.solution, hints = EXCLUDED.hints;
INSERT INTO public.exercises (id, chapter_id, difficulty, question, answer, unit, solution, hints) VALUES ('aire-ex-7', 'aires', 'moyen', 'Calcule l''aire d''un rectangle de 7,5 m sur 4 m.', '30', 'm²', 'Aire = 7,5 × 4 = 30 m².', '{"Multiplie les dimensions."}') ON CONFLICT (id) DO UPDATE SET chapter_id = EXCLUDED.chapter_id, difficulty = EXCLUDED.difficulty, question = EXCLUDED.question, answer = EXCLUDED.answer, unit = EXCLUDED.unit, solution = EXCLUDED.solution, hints = EXCLUDED.hints;
INSERT INTO public.exercises (id, chapter_id, difficulty, question, answer, unit, solution, hints) VALUES ('aire-ex-8', 'aires', 'difficile', 'L''aire d''un rectangle est 48 cm². Sa longueur est 8 cm. Quelle est sa largeur ?', '6', 'cm', 'Largeur = Aire ÷ Longueur = 48 ÷ 8 = 6 cm.', '{"Aire = L × l, donc l = Aire ÷ L."}') ON CONFLICT (id) DO UPDATE SET chapter_id = EXCLUDED.chapter_id, difficulty = EXCLUDED.difficulty, question = EXCLUDED.question, answer = EXCLUDED.answer, unit = EXCLUDED.unit, solution = EXCLUDED.solution, hints = EXCLUDED.hints;
INSERT INTO public.exercises (id, chapter_id, difficulty, question, answer, unit, solution, hints) VALUES ('aire-ex-9', 'aires', 'difficile', 'Quelle est l''aire d''un disque de rayon 4 cm ? (π ≈ 3,14)', '50,24', 'cm²', 'Aire = π × r² = 3,14 × 4² = 3,14 × 16 = 50,24 cm².', '{"Formule : πr²."}') ON CONFLICT (id) DO UPDATE SET chapter_id = EXCLUDED.chapter_id, difficulty = EXCLUDED.difficulty, question = EXCLUDED.question, answer = EXCLUDED.answer, unit = EXCLUDED.unit, solution = EXCLUDED.solution, hints = EXCLUDED.hints;
INSERT INTO public.exercises (id, chapter_id, difficulty, question, answer, unit, solution, hints) VALUES ('aire-ex-10', 'aires', 'difficile', 'Un triangle a une base de 12 cm et une aire de 54 cm². Quelle est sa hauteur ?', '9', 'cm', 'Aire = (b × h) ÷ 2, donc h = (Aire × 2) ÷ b = (54 × 2) ÷ 12 = 9 cm.', '{"Réarrange la formule du triangle."}') ON CONFLICT (id) DO UPDATE SET chapter_id = EXCLUDED.chapter_id, difficulty = EXCLUDED.difficulty, question = EXCLUDED.question, answer = EXCLUDED.answer, unit = EXCLUDED.unit, solution = EXCLUDED.solution, hints = EXCLUDED.hints;
INSERT INTO public.exercises (id, chapter_id, difficulty, question, answer, unit, solution, hints) VALUES ('vol-ex-1', 'volumes', 'facile', 'Quel est le volume d''un cube de côté 3 cm ?', '27', 'cm³', 'Volume = côté³ = 3 × 3 × 3 = 27 cm³.', '{"Multiplie le côté 3 fois."}') ON CONFLICT (id) DO UPDATE SET chapter_id = EXCLUDED.chapter_id, difficulty = EXCLUDED.difficulty, question = EXCLUDED.question, answer = EXCLUDED.answer, unit = EXCLUDED.unit, solution = EXCLUDED.solution, hints = EXCLUDED.hints;
INSERT INTO public.exercises (id, chapter_id, difficulty, question, answer, unit, solution, hints) VALUES ('vol-ex-2', 'volumes', 'facile', 'Calcule le volume d''un pavé de dimensions 4 cm, 3 cm, 2 cm.', '24', 'cm³', 'Volume = L × l × h = 4 × 3 × 2 = 24 cm³.', '{"Multiplie les trois dimensions."}') ON CONFLICT (id) DO UPDATE SET chapter_id = EXCLUDED.chapter_id, difficulty = EXCLUDED.difficulty, question = EXCLUDED.question, answer = EXCLUDED.answer, unit = EXCLUDED.unit, solution = EXCLUDED.solution, hints = EXCLUDED.hints;
INSERT INTO public.exercises (id, chapter_id, difficulty, question, answer, unit, solution, hints) VALUES ('vol-ex-3', 'volumes', 'facile', 'Quel est le volume d''un cube de 5 cm de côté ?', '125', 'cm³', 'Volume = 5³ = 5 × 5 × 5 = 125 cm³.', '{"5 × 5 × 5."}') ON CONFLICT (id) DO UPDATE SET chapter_id = EXCLUDED.chapter_id, difficulty = EXCLUDED.difficulty, question = EXCLUDED.question, answer = EXCLUDED.answer, unit = EXCLUDED.unit, solution = EXCLUDED.solution, hints = EXCLUDED.hints;
INSERT INTO public.exercises (id, chapter_id, difficulty, question, answer, unit, solution, hints) VALUES ('vol-ex-4', 'volumes', 'moyen', 'Calcule le volume d''un pavé droit de 6 cm sur 4 cm sur 5 cm.', '120', 'cm³', 'Volume = 6 × 4 × 5 = 120 cm³.', '{"Longueur × largeur × hauteur."}') ON CONFLICT (id) DO UPDATE SET chapter_id = EXCLUDED.chapter_id, difficulty = EXCLUDED.difficulty, question = EXCLUDED.question, answer = EXCLUDED.answer, unit = EXCLUDED.unit, solution = EXCLUDED.solution, hints = EXCLUDED.hints;
INSERT INTO public.exercises (id, chapter_id, difficulty, question, answer, unit, solution, hints) VALUES ('vol-ex-5', 'volumes', 'moyen', 'Un aquarium cubique a un côté de 20 cm. Quel est son volume ?', '8000', 'cm³', 'Volume = 20³ = 20 × 20 × 20 = 8000 cm³.', '{"C''est un cube."}') ON CONFLICT (id) DO UPDATE SET chapter_id = EXCLUDED.chapter_id, difficulty = EXCLUDED.difficulty, question = EXCLUDED.question, answer = EXCLUDED.answer, unit = EXCLUDED.unit, solution = EXCLUDED.solution, hints = EXCLUDED.hints;
INSERT INTO public.exercises (id, chapter_id, difficulty, question, answer, unit, solution, hints) VALUES ('vol-ex-6', 'volumes', 'moyen', 'Convertis 2 litres en cm³.', '2000', 'cm³', '1 litre = 1000 cm³, donc 2 litres = 2000 cm³.', '{"1 L = 1000 cm³."}') ON CONFLICT (id) DO UPDATE SET chapter_id = EXCLUDED.chapter_id, difficulty = EXCLUDED.difficulty, question = EXCLUDED.question, answer = EXCLUDED.answer, unit = EXCLUDED.unit, solution = EXCLUDED.solution, hints = EXCLUDED.hints;
INSERT INTO public.exercises (id, chapter_id, difficulty, question, answer, unit, solution, hints) VALUES ('vol-ex-7', 'volumes', 'moyen', 'Quel est le volume en litres d''un pavé de 10 cm × 10 cm × 10 cm ?', '1', 'L', 'Volume = 10³ = 1000 cm³ = 1 litre.', '{"1000 cm³ = 1 L."}') ON CONFLICT (id) DO UPDATE SET chapter_id = EXCLUDED.chapter_id, difficulty = EXCLUDED.difficulty, question = EXCLUDED.question, answer = EXCLUDED.answer, unit = EXCLUDED.unit, solution = EXCLUDED.solution, hints = EXCLUDED.hints;
INSERT INTO public.exercises (id, chapter_id, difficulty, question, answer, unit, solution, hints) VALUES ('vol-ex-8', 'volumes', 'difficile', 'Un pavé a un volume de 60 cm³. Sa base fait 12 cm². Quelle est sa hauteur ?', '5', 'cm', 'Hauteur = Volume ÷ Aire base = 60 ÷ 12 = 5 cm.', '{"Volume = Aire base × hauteur."}') ON CONFLICT (id) DO UPDATE SET chapter_id = EXCLUDED.chapter_id, difficulty = EXCLUDED.difficulty, question = EXCLUDED.question, answer = EXCLUDED.answer, unit = EXCLUDED.unit, solution = EXCLUDED.solution, hints = EXCLUDED.hints;
INSERT INTO public.exercises (id, chapter_id, difficulty, question, answer, unit, solution, hints) VALUES ('vol-ex-9', 'volumes', 'difficile', 'Convertis 5000 cm³ en litres.', '5', 'L', '5000 cm³ = 5000 ÷ 1000 = 5 litres.', '{"Divise par 1000."}') ON CONFLICT (id) DO UPDATE SET chapter_id = EXCLUDED.chapter_id, difficulty = EXCLUDED.difficulty, question = EXCLUDED.question, answer = EXCLUDED.answer, unit = EXCLUDED.unit, solution = EXCLUDED.solution, hints = EXCLUDED.hints;
INSERT INTO public.exercises (id, chapter_id, difficulty, question, answer, unit, solution, hints) VALUES ('vol-ex-10', 'volumes', 'difficile', 'Combien de cubes de 2 cm de côté peut-on placer dans un cube de 6 cm de côté ?', '27', 'cubes', '6 ÷ 2 = 3 cubes par dimension. 3 × 3 × 3 = 27 cubes.', '{"Combien de fois 2 dans 6 ?"}') ON CONFLICT (id) DO UPDATE SET chapter_id = EXCLUDED.chapter_id, difficulty = EXCLUDED.difficulty, question = EXCLUDED.question, answer = EXCLUDED.answer, unit = EXCLUDED.unit, solution = EXCLUDED.solution, hints = EXCLUDED.hints;
INSERT INTO public.exercises (id, chapter_id, difficulty, question, answer, unit, solution, hints) VALUES ('temps-ex-1', 'temps-durees', 'facile', 'Combien d''heures y a-t-il dans une journée ?', '24', 'h', 'Une journée = 24 heures.', '{"Pense au cadran de l''horloge."}') ON CONFLICT (id) DO UPDATE SET chapter_id = EXCLUDED.chapter_id, difficulty = EXCLUDED.difficulty, question = EXCLUDED.question, answer = EXCLUDED.answer, unit = EXCLUDED.unit, solution = EXCLUDED.solution, hints = EXCLUDED.hints;
INSERT INTO public.exercises (id, chapter_id, difficulty, question, answer, unit, solution, hints) VALUES ('temps-ex-2', 'temps-durees', 'facile', 'Convertis 2 heures en minutes.', '120', 'min', '1 h = 60 min, donc 2 h = 2 × 60 = 120 min.', '{"Multiplie par 60."}') ON CONFLICT (id) DO UPDATE SET chapter_id = EXCLUDED.chapter_id, difficulty = EXCLUDED.difficulty, question = EXCLUDED.question, answer = EXCLUDED.answer, unit = EXCLUDED.unit, solution = EXCLUDED.solution, hints = EXCLUDED.hints;
INSERT INTO public.exercises (id, chapter_id, difficulty, question, answer, unit, solution, hints) VALUES ('temps-ex-3', 'temps-durees', 'facile', 'Combien de minutes y a-t-il dans une heure ?', '60', 'min', '1 heure = 60 minutes.', '{"C''est une conversion de base."}') ON CONFLICT (id) DO UPDATE SET chapter_id = EXCLUDED.chapter_id, difficulty = EXCLUDED.difficulty, question = EXCLUDED.question, answer = EXCLUDED.answer, unit = EXCLUDED.unit, solution = EXCLUDED.solution, hints = EXCLUDED.hints;
INSERT INTO public.exercises (id, chapter_id, difficulty, question, answer, unit, solution, hints) VALUES ('temps-ex-4', 'temps-durees', 'moyen', 'Il est 9h30. Quelle heure sera-t-il dans 2 heures 15 minutes ?', '11h45', '', '9h30 + 2h = 11h30, + 15 min = 11h45.', '{"Ajoute les heures, puis les minutes."}') ON CONFLICT (id) DO UPDATE SET chapter_id = EXCLUDED.chapter_id, difficulty = EXCLUDED.difficulty, question = EXCLUDED.question, answer = EXCLUDED.answer, unit = EXCLUDED.unit, solution = EXCLUDED.solution, hints = EXCLUDED.hints;
INSERT INTO public.exercises (id, chapter_id, difficulty, question, answer, unit, solution, hints) VALUES ('temps-ex-5', 'temps-durees', 'moyen', 'Calcule la durée entre 8h15 et 10h45.', '2h30', '', '10h45 - 8h15 = 2h30.', '{"Soustrais les heures et les minutes."}') ON CONFLICT (id) DO UPDATE SET chapter_id = EXCLUDED.chapter_id, difficulty = EXCLUDED.difficulty, question = EXCLUDED.question, answer = EXCLUDED.answer, unit = EXCLUDED.unit, solution = EXCLUDED.solution, hints = EXCLUDED.hints;
INSERT INTO public.exercises (id, chapter_id, difficulty, question, answer, unit, solution, hints) VALUES ('temps-ex-6', 'temps-durees', 'moyen', 'Convertis 3h30 en minutes.', '210', 'min', '3 h = 180 min, 30 min = 30 min. Total = 210 min.', '{"3 × 60 + 30."}') ON CONFLICT (id) DO UPDATE SET chapter_id = EXCLUDED.chapter_id, difficulty = EXCLUDED.difficulty, question = EXCLUDED.question, answer = EXCLUDED.answer, unit = EXCLUDED.unit, solution = EXCLUDED.solution, hints = EXCLUDED.hints;
INSERT INTO public.exercises (id, chapter_id, difficulty, question, answer, unit, solution, hints) VALUES ('temps-ex-7', 'temps-durees', 'moyen', 'Combien de jours y a-t-il en février (année non bissextile) ?', '28', 'jours', 'Février a 28 jours les années non bissextiles.', '{"Le mois le plus court."}') ON CONFLICT (id) DO UPDATE SET chapter_id = EXCLUDED.chapter_id, difficulty = EXCLUDED.difficulty, question = EXCLUDED.question, answer = EXCLUDED.answer, unit = EXCLUDED.unit, solution = EXCLUDED.solution, hints = EXCLUDED.hints;
INSERT INTO public.exercises (id, chapter_id, difficulty, question, answer, unit, solution, hints) VALUES ('temps-ex-8', 'temps-durees', 'difficile', 'Un film commence à 14h25 et dure 1h50. À quelle heure se termine-t-il ?', '16h15', '', '14h25 + 1h50 = 16h15.', '{"Ajoute 1h puis 50 min."}') ON CONFLICT (id) DO UPDATE SET chapter_id = EXCLUDED.chapter_id, difficulty = EXCLUDED.difficulty, question = EXCLUDED.question, answer = EXCLUDED.answer, unit = EXCLUDED.unit, solution = EXCLUDED.solution, hints = EXCLUDED.hints;
INSERT INTO public.exercises (id, chapter_id, difficulty, question, answer, unit, solution, hints) VALUES ('temps-ex-9', 'temps-durees', 'difficile', 'Convertis 150 minutes en heures et minutes.', '2h30', '', '150 ÷ 60 = 2 reste 30, donc 2h30.', '{"Divise par 60."}') ON CONFLICT (id) DO UPDATE SET chapter_id = EXCLUDED.chapter_id, difficulty = EXCLUDED.difficulty, question = EXCLUDED.question, answer = EXCLUDED.answer, unit = EXCLUDED.unit, solution = EXCLUDED.solution, hints = EXCLUDED.hints;
INSERT INTO public.exercises (id, chapter_id, difficulty, question, answer, unit, solution, hints) VALUES ('temps-ex-10', 'temps-durees', 'difficile', 'Combien de secondes y a-t-il dans 5 minutes ?', '300', 's', '1 min = 60 s, donc 5 min = 5 × 60 = 300 s.', '{"Multiplie par 60."}') ON CONFLICT (id) DO UPDATE SET chapter_id = EXCLUDED.chapter_id, difficulty = EXCLUDED.difficulty, question = EXCLUDED.question, answer = EXCLUDED.answer, unit = EXCLUDED.unit, solution = EXCLUDED.solution, hints = EXCLUDED.hints;
INSERT INTO public.exercises (id, chapter_id, difficulty, question, answer, unit, solution, hints) VALUES ('geo-ex-1', 'geometrie-plane', 'facile', 'Si le rayon d''un cercle est de 4 cm, quel est son diamètre ?', '8', 'cm', 'Le diamètre est le double du rayon : 4 × 2 = 8 cm.', '{"Diamètre = 2 × Rayon."}') ON CONFLICT (id) DO UPDATE SET chapter_id = EXCLUDED.chapter_id, difficulty = EXCLUDED.difficulty, question = EXCLUDED.question, answer = EXCLUDED.answer, unit = EXCLUDED.unit, solution = EXCLUDED.solution, hints = EXCLUDED.hints;
INSERT INTO public.exercises (id, chapter_id, difficulty, question, answer, unit, solution, hints) VALUES ('geo-ex-2', 'geometrie-plane', 'facile', 'Combien d''angles a un triangle ?', '3', '', 'Un triangle a 3 angles.', '{"Tri- signifie trois."}') ON CONFLICT (id) DO UPDATE SET chapter_id = EXCLUDED.chapter_id, difficulty = EXCLUDED.difficulty, question = EXCLUDED.question, answer = EXCLUDED.answer, unit = EXCLUDED.unit, solution = EXCLUDED.solution, hints = EXCLUDED.hints;
INSERT INTO public.exercises (id, chapter_id, difficulty, question, answer, unit, solution, hints) VALUES ('geo-ex-3', 'geometrie-plane', 'facile', 'Quelle est la somme des angles d''un triangle ?', '180', '°', 'La somme des angles d''un triangle est toujours 180°.', '{"C''est une propriété fondamentale."}') ON CONFLICT (id) DO UPDATE SET chapter_id = EXCLUDED.chapter_id, difficulty = EXCLUDED.difficulty, question = EXCLUDED.question, answer = EXCLUDED.answer, unit = EXCLUDED.unit, solution = EXCLUDED.solution, hints = EXCLUDED.hints;
INSERT INTO public.exercises (id, chapter_id, difficulty, question, answer, unit, solution, hints) VALUES ('geo-ex-4', 'geometrie-plane', 'moyen', 'Un triangle a deux angles de 50° et 60°. Quel est le troisième angle ?', '70', '°', '180° - 50° - 60° = 70°.', '{"La somme des trois angles = 180°."}') ON CONFLICT (id) DO UPDATE SET chapter_id = EXCLUDED.chapter_id, difficulty = EXCLUDED.difficulty, question = EXCLUDED.question, answer = EXCLUDED.answer, unit = EXCLUDED.unit, solution = EXCLUDED.solution, hints = EXCLUDED.hints;
INSERT INTO public.exercises (id, chapter_id, difficulty, question, answer, unit, solution, hints) VALUES ('geo-ex-5', 'geometrie-plane', 'moyen', 'Deux droites perpendiculaires forment quel type d''angle ?', '90', '°', 'Deux droites perpendiculaires forment un angle droit de 90°.', '{"Un angle droit."}') ON CONFLICT (id) DO UPDATE SET chapter_id = EXCLUDED.chapter_id, difficulty = EXCLUDED.difficulty, question = EXCLUDED.question, answer = EXCLUDED.answer, unit = EXCLUDED.unit, solution = EXCLUDED.solution, hints = EXCLUDED.hints;
INSERT INTO public.exercises (id, chapter_id, difficulty, question, answer, unit, solution, hints) VALUES ('geo-ex-6', 'geometrie-plane', 'moyen', 'Combien de côtés a un hexagone ?', '6', '', 'Un hexagone a 6 côtés.', '{"Hexa- vient du grec pour six."}') ON CONFLICT (id) DO UPDATE SET chapter_id = EXCLUDED.chapter_id, difficulty = EXCLUDED.difficulty, question = EXCLUDED.question, answer = EXCLUDED.answer, unit = EXCLUDED.unit, solution = EXCLUDED.solution, hints = EXCLUDED.hints;
INSERT INTO public.exercises (id, chapter_id, difficulty, question, answer, unit, solution, hints) VALUES ('geo-ex-7', 'geometrie-plane', 'moyen', 'Un angle de 45° est-il aigu, droit ou obtus ?', 'aigu', '', 'Un angle inférieur à 90° est un angle aigu.', '{"< 90° = aigu."}') ON CONFLICT (id) DO UPDATE SET chapter_id = EXCLUDED.chapter_id, difficulty = EXCLUDED.difficulty, question = EXCLUDED.question, answer = EXCLUDED.answer, unit = EXCLUDED.unit, solution = EXCLUDED.solution, hints = EXCLUDED.hints;
INSERT INTO public.exercises (id, chapter_id, difficulty, question, answer, unit, solution, hints) VALUES ('geo-ex-8', 'geometrie-plane', 'difficile', 'Dans un triangle isocèle, deux angles mesurent 50° chacun. Quel est le troisième ?', '80', '°', '180° - 50° - 50° = 80°.', '{"Somme = 180°."}') ON CONFLICT (id) DO UPDATE SET chapter_id = EXCLUDED.chapter_id, difficulty = EXCLUDED.difficulty, question = EXCLUDED.question, answer = EXCLUDED.answer, unit = EXCLUDED.unit, solution = EXCLUDED.solution, hints = EXCLUDED.hints;
INSERT INTO public.exercises (id, chapter_id, difficulty, question, answer, unit, solution, hints) VALUES ('geo-ex-9', 'geometrie-plane', 'difficile', 'Quelle est la mesure d''un angle plat ?', '180', '°', 'Un angle plat mesure 180°.', '{"C''est une ligne droite."}') ON CONFLICT (id) DO UPDATE SET chapter_id = EXCLUDED.chapter_id, difficulty = EXCLUDED.difficulty, question = EXCLUDED.question, answer = EXCLUDED.answer, unit = EXCLUDED.unit, solution = EXCLUDED.solution, hints = EXCLUDED.hints;
INSERT INTO public.exercises (id, chapter_id, difficulty, question, answer, unit, solution, hints) VALUES ('geo-ex-10', 'geometrie-plane', 'difficile', 'Un cercle a un diamètre de 12 cm. Quel est son rayon ?', '6', 'cm', 'Rayon = Diamètre ÷ 2 = 12 ÷ 2 = 6 cm.', '{"Rayon = Diamètre / 2."}') ON CONFLICT (id) DO UPDATE SET chapter_id = EXCLUDED.chapter_id, difficulty = EXCLUDED.difficulty, question = EXCLUDED.question, answer = EXCLUDED.answer, unit = EXCLUDED.unit, solution = EXCLUDED.solution, hints = EXCLUDED.hints;
INSERT INTO public.exercises (id, chapter_id, difficulty, question, answer, unit, solution, hints) VALUES ('esp-ex-1', 'vision-espace', 'facile', 'Combien de faces a un cube ?', '6', '', 'Un cube a 6 faces carrées.', '{"Compte les faces visibles et cachées."}') ON CONFLICT (id) DO UPDATE SET chapter_id = EXCLUDED.chapter_id, difficulty = EXCLUDED.difficulty, question = EXCLUDED.question, answer = EXCLUDED.answer, unit = EXCLUDED.unit, solution = EXCLUDED.solution, hints = EXCLUDED.hints;
INSERT INTO public.exercises (id, chapter_id, difficulty, question, answer, unit, solution, hints) VALUES ('esp-ex-2', 'vision-espace', 'facile', 'Combien d''arêtes a un cube ?', '12', '', 'Un cube a 12 arêtes.', '{"Compte les lignes qui forment le cube."}') ON CONFLICT (id) DO UPDATE SET chapter_id = EXCLUDED.chapter_id, difficulty = EXCLUDED.difficulty, question = EXCLUDED.question, answer = EXCLUDED.answer, unit = EXCLUDED.unit, solution = EXCLUDED.solution, hints = EXCLUDED.hints;
INSERT INTO public.exercises (id, chapter_id, difficulty, question, answer, unit, solution, hints) VALUES ('esp-ex-3', 'vision-espace', 'facile', 'Combien de sommets a un cube ?', '8', '', 'Un cube a 8 sommets (coins).', '{"Compte les coins."}') ON CONFLICT (id) DO UPDATE SET chapter_id = EXCLUDED.chapter_id, difficulty = EXCLUDED.difficulty, question = EXCLUDED.question, answer = EXCLUDED.answer, unit = EXCLUDED.unit, solution = EXCLUDED.solution, hints = EXCLUDED.hints;
INSERT INTO public.exercises (id, chapter_id, difficulty, question, answer, unit, solution, hints) VALUES ('esp-ex-4', 'vision-espace', 'moyen', 'Quelle est la forme des faces d''un pavé droit ?', 'rectangles', '', 'Les faces d''un pavé droit sont des rectangles.', '{"Pense à une boîte."}') ON CONFLICT (id) DO UPDATE SET chapter_id = EXCLUDED.chapter_id, difficulty = EXCLUDED.difficulty, question = EXCLUDED.question, answer = EXCLUDED.answer, unit = EXCLUDED.unit, solution = EXCLUDED.solution, hints = EXCLUDED.hints;
INSERT INTO public.exercises (id, chapter_id, difficulty, question, answer, unit, solution, hints) VALUES ('esp-ex-5', 'vision-espace', 'moyen', 'Combien de faces a une pyramide à base carrée ?', '5', '', '1 base carrée + 4 faces triangulaires = 5 faces.', '{"1 base + les côtés."}') ON CONFLICT (id) DO UPDATE SET chapter_id = EXCLUDED.chapter_id, difficulty = EXCLUDED.difficulty, question = EXCLUDED.question, answer = EXCLUDED.answer, unit = EXCLUDED.unit, solution = EXCLUDED.solution, hints = EXCLUDED.hints;
INSERT INTO public.exercises (id, chapter_id, difficulty, question, answer, unit, solution, hints) VALUES ('esp-ex-6', 'vision-espace', 'moyen', 'Quelle est la forme de la base d''un cylindre ?', 'cercle', '', 'La base d''un cylindre est un cercle.', '{"Pense à une cannette."}') ON CONFLICT (id) DO UPDATE SET chapter_id = EXCLUDED.chapter_id, difficulty = EXCLUDED.difficulty, question = EXCLUDED.question, answer = EXCLUDED.answer, unit = EXCLUDED.unit, solution = EXCLUDED.solution, hints = EXCLUDED.hints;
INSERT INTO public.exercises (id, chapter_id, difficulty, question, answer, unit, solution, hints) VALUES ('esp-ex-7', 'vision-espace', 'moyen', 'Un prisme à base triangulaire a combien de faces ?', '5', '', '2 bases triangulaires + 3 faces rectangulaires = 5 faces.', '{"2 triangles + 3 rectangles."}') ON CONFLICT (id) DO UPDATE SET chapter_id = EXCLUDED.chapter_id, difficulty = EXCLUDED.difficulty, question = EXCLUDED.question, answer = EXCLUDED.answer, unit = EXCLUDED.unit, solution = EXCLUDED.solution, hints = EXCLUDED.hints;
INSERT INTO public.exercises (id, chapter_id, difficulty, question, answer, unit, solution, hints) VALUES ('esp-ex-8', 'vision-espace', 'difficile', 'Combien d''arêtes a un pavé droit ?', '12', '', 'Un pavé droit a 12 arêtes, comme le cube.', '{"Même nombre qu''un cube."}') ON CONFLICT (id) DO UPDATE SET chapter_id = EXCLUDED.chapter_id, difficulty = EXCLUDED.difficulty, question = EXCLUDED.question, answer = EXCLUDED.answer, unit = EXCLUDED.unit, solution = EXCLUDED.solution, hints = EXCLUDED.hints;
INSERT INTO public.exercises (id, chapter_id, difficulty, question, answer, unit, solution, hints) VALUES ('esp-ex-9', 'vision-espace', 'difficile', 'Quel solide obtient-on en empilant des cercles ?', 'cylindre', '', 'En empilant des cercles, on obtient un cylindre.', '{"Pense à une pile de pièces."}') ON CONFLICT (id) DO UPDATE SET chapter_id = EXCLUDED.chapter_id, difficulty = EXCLUDED.difficulty, question = EXCLUDED.question, answer = EXCLUDED.answer, unit = EXCLUDED.unit, solution = EXCLUDED.solution, hints = EXCLUDED.hints;
INSERT INTO public.exercises (id, chapter_id, difficulty, question, answer, unit, solution, hints) VALUES ('esp-ex-10', 'vision-espace', 'difficile', 'Combien de sommets a une pyramide à base carrée ?', '5', '', '4 sommets de la base + 1 sommet au sommet = 5 sommets.', '{"4 coins de la base + 1 au sommet."}') ON CONFLICT (id) DO UPDATE SET chapter_id = EXCLUDED.chapter_id, difficulty = EXCLUDED.difficulty, question = EXCLUDED.question, answer = EXCLUDED.answer, unit = EXCLUDED.unit, solution = EXCLUDED.solution, hints = EXCLUDED.hints;
INSERT INTO public.exercises (id, chapter_id, difficulty, question, answer, unit, solution, hints) VALUES ('data-ex-1', 'gestion-donnees', 'facile', 'Dans un tableau, Paul a 12 ans et Marie 10 ans. Quelle est la différence d''âge ?', '2', 'ans', '12 - 10 = 2 ans.', '{"Soustrais les âges."}') ON CONFLICT (id) DO UPDATE SET chapter_id = EXCLUDED.chapter_id, difficulty = EXCLUDED.difficulty, question = EXCLUDED.question, answer = EXCLUDED.answer, unit = EXCLUDED.unit, solution = EXCLUDED.solution, hints = EXCLUDED.hints;
INSERT INTO public.exercises (id, chapter_id, difficulty, question, answer, unit, solution, hints) VALUES ('data-ex-2', 'gestion-donnees', 'facile', 'Un graphique montre 5 pommes rouges et 3 pommes vertes. Combien de pommes au total ?', '8', 'pommes', '5 + 3 = 8 pommes.', '{"Additionne les quantités."}') ON CONFLICT (id) DO UPDATE SET chapter_id = EXCLUDED.chapter_id, difficulty = EXCLUDED.difficulty, question = EXCLUDED.question, answer = EXCLUDED.answer, unit = EXCLUDED.unit, solution = EXCLUDED.solution, hints = EXCLUDED.hints;
INSERT INTO public.exercises (id, chapter_id, difficulty, question, answer, unit, solution, hints) VALUES ('data-ex-3', 'gestion-donnees', 'facile', 'Quelle est la moyenne de 8 et 12 ?', '10', '', '(8 + 12) ÷ 2 = 20 ÷ 2 = 10.', '{"Somme divisée par 2."}') ON CONFLICT (id) DO UPDATE SET chapter_id = EXCLUDED.chapter_id, difficulty = EXCLUDED.difficulty, question = EXCLUDED.question, answer = EXCLUDED.answer, unit = EXCLUDED.unit, solution = EXCLUDED.solution, hints = EXCLUDED.hints;
INSERT INTO public.exercises (id, chapter_id, difficulty, question, answer, unit, solution, hints) VALUES ('data-ex-4', 'gestion-donnees', 'moyen', 'Les notes sont 10, 12, 14, 16. Quelle est la moyenne ?', '13', '', '(10 + 12 + 14 + 16) ÷ 4 = 52 ÷ 4 = 13.', '{"Somme divisée par le nombre de notes."}') ON CONFLICT (id) DO UPDATE SET chapter_id = EXCLUDED.chapter_id, difficulty = EXCLUDED.difficulty, question = EXCLUDED.question, answer = EXCLUDED.answer, unit = EXCLUDED.unit, solution = EXCLUDED.solution, hints = EXCLUDED.hints;
INSERT INTO public.exercises (id, chapter_id, difficulty, question, answer, unit, solution, hints) VALUES ('data-ex-5', 'gestion-donnees', 'moyen', 'Un tableau montre : Lundi 5 absents, Mardi 3, Mercredi 4. Combien au total ?', '12', 'absents', '5 + 3 + 4 = 12 absents.', '{"Additionne les valeurs."}') ON CONFLICT (id) DO UPDATE SET chapter_id = EXCLUDED.chapter_id, difficulty = EXCLUDED.difficulty, question = EXCLUDED.question, answer = EXCLUDED.answer, unit = EXCLUDED.unit, solution = EXCLUDED.solution, hints = EXCLUDED.hints;
INSERT INTO public.exercises (id, chapter_id, difficulty, question, answer, unit, solution, hints) VALUES ('data-ex-6', 'gestion-donnees', 'moyen', 'Les températures sont 15°, 18°, 20°. Quelle est la moyenne ?', '17,67', '°C', '(15 + 18 + 20) ÷ 3 = 53 ÷ 3 ≈ 17,67°C.', '{"Somme / nombre de valeurs."}') ON CONFLICT (id) DO UPDATE SET chapter_id = EXCLUDED.chapter_id, difficulty = EXCLUDED.difficulty, question = EXCLUDED.question, answer = EXCLUDED.answer, unit = EXCLUDED.unit, solution = EXCLUDED.solution, hints = EXCLUDED.hints;
INSERT INTO public.exercises (id, chapter_id, difficulty, question, answer, unit, solution, hints) VALUES ('data-ex-7', 'gestion-donnees', 'moyen', 'Dans une classe de 25 élèves, 15 sont des filles. Combien de garçons ?', '10', 'garçons', '25 - 15 = 10 garçons.', '{"Soustrais du total."}') ON CONFLICT (id) DO UPDATE SET chapter_id = EXCLUDED.chapter_id, difficulty = EXCLUDED.difficulty, question = EXCLUDED.question, answer = EXCLUDED.answer, unit = EXCLUDED.unit, solution = EXCLUDED.solution, hints = EXCLUDED.hints;
INSERT INTO public.exercises (id, chapter_id, difficulty, question, answer, unit, solution, hints) VALUES ('data-ex-8', 'gestion-donnees', 'difficile', 'Les scores sont 8, 12, 15, 9. Quelle est l''étendue ?', '7', '', 'Étendue = max - min = 15 - 8 = 7.', '{"Différence entre le plus grand et le plus petit."}') ON CONFLICT (id) DO UPDATE SET chapter_id = EXCLUDED.chapter_id, difficulty = EXCLUDED.difficulty, question = EXCLUDED.question, answer = EXCLUDED.answer, unit = EXCLUDED.unit, solution = EXCLUDED.solution, hints = EXCLUDED.hints;
INSERT INTO public.exercises (id, chapter_id, difficulty, question, answer, unit, solution, hints) VALUES ('data-ex-9', 'gestion-donnees', 'difficile', 'Un graphique montre 20 réponses dont 12 correctes. Quel est le pourcentage de réponses correctes ?', '60', '%', '(12 ÷ 20) × 100 = 60%.', '{"(Partie / Total) × 100."}') ON CONFLICT (id) DO UPDATE SET chapter_id = EXCLUDED.chapter_id, difficulty = EXCLUDED.difficulty, question = EXCLUDED.question, answer = EXCLUDED.answer, unit = EXCLUDED.unit, solution = EXCLUDED.solution, hints = EXCLUDED.hints;
INSERT INTO public.exercises (id, chapter_id, difficulty, question, answer, unit, solution, hints) VALUES ('data-ex-10', 'gestion-donnees', 'difficile', 'Les valeurs sont 5, 7, 7, 9, 12. Quel est le mode ?', '7', '', 'Le mode est la valeur la plus fréquente : 7 (apparaît 2 fois).', '{"La valeur qui revient le plus souvent."}') ON CONFLICT (id) DO UPDATE SET chapter_id = EXCLUDED.chapter_id, difficulty = EXCLUDED.difficulty, question = EXCLUDED.question, answer = EXCLUDED.answer, unit = EXCLUDED.unit, solution = EXCLUDED.solution, hints = EXCLUDED.hints;
INSERT INTO public.exercises (id, chapter_id, difficulty, question, answer, unit, solution, hints) VALUES ('prob-ex-1', 'probabilites', 'facile', 'En lançant une pièce, quelle est la probabilité d''obtenir pile ?', '1/2', '', 'Il y a 2 résultats possibles (pile ou face), probabilité = 1/2.', '{"1 chance sur 2."}') ON CONFLICT (id) DO UPDATE SET chapter_id = EXCLUDED.chapter_id, difficulty = EXCLUDED.difficulty, question = EXCLUDED.question, answer = EXCLUDED.answer, unit = EXCLUDED.unit, solution = EXCLUDED.solution, hints = EXCLUDED.hints;
INSERT INTO public.exercises (id, chapter_id, difficulty, question, answer, unit, solution, hints) VALUES ('prob-ex-2', 'probabilites', 'facile', 'Dans un sac de 4 billes rouges et 4 billes bleues, quelle est la probabilité de tirer une rouge ?', '1/2', '', '4 rouges sur 8 total = 4/8 = 1/2.', '{"Nombre de rouges / total."}') ON CONFLICT (id) DO UPDATE SET chapter_id = EXCLUDED.chapter_id, difficulty = EXCLUDED.difficulty, question = EXCLUDED.question, answer = EXCLUDED.answer, unit = EXCLUDED.unit, solution = EXCLUDED.solution, hints = EXCLUDED.hints;
INSERT INTO public.exercises (id, chapter_id, difficulty, question, answer, unit, solution, hints) VALUES ('prob-ex-3', 'probabilites', 'facile', 'En lançant un dé à 6 faces, quelle est la probabilité d''obtenir un 3 ?', '1/6', '', '1 face sur 6 possibles = 1/6.', '{"1 chance sur 6."}') ON CONFLICT (id) DO UPDATE SET chapter_id = EXCLUDED.chapter_id, difficulty = EXCLUDED.difficulty, question = EXCLUDED.question, answer = EXCLUDED.answer, unit = EXCLUDED.unit, solution = EXCLUDED.solution, hints = EXCLUDED.hints;
INSERT INTO public.exercises (id, chapter_id, difficulty, question, answer, unit, solution, hints) VALUES ('prob-ex-4', 'probabilites', 'moyen', 'Quelle est la probabilité d''obtenir un nombre pair en lançant un dé (1 à 6) ?', '1/2', '', '3 nombres pairs (2, 4, 6) sur 6 = 3/6 = 1/2.', '{"Compte les nombres pairs."}') ON CONFLICT (id) DO UPDATE SET chapter_id = EXCLUDED.chapter_id, difficulty = EXCLUDED.difficulty, question = EXCLUDED.question, answer = EXCLUDED.answer, unit = EXCLUDED.unit, solution = EXCLUDED.solution, hints = EXCLUDED.hints;
INSERT INTO public.exercises (id, chapter_id, difficulty, question, answer, unit, solution, hints) VALUES ('prob-ex-5', 'probabilites', 'moyen', 'Dans un sac de 10 billes (3 rouges, 7 bleues), quelle est la probabilité de tirer une bleue ?', '7/10', '', '7 bleues sur 10 total = 7/10.', '{"Nombre de bleues / total."}') ON CONFLICT (id) DO UPDATE SET chapter_id = EXCLUDED.chapter_id, difficulty = EXCLUDED.difficulty, question = EXCLUDED.question, answer = EXCLUDED.answer, unit = EXCLUDED.unit, solution = EXCLUDED.solution, hints = EXCLUDED.hints;
INSERT INTO public.exercises (id, chapter_id, difficulty, question, answer, unit, solution, hints) VALUES ('prob-ex-6', 'probabilites', 'moyen', 'Quelle est la probabilité d''obtenir un nombre supérieur à 4 avec un dé ?', '1/3', '', '2 nombres (5 et 6) sur 6 = 2/6 = 1/3.', '{"Combien de nombres > 4 ?"}') ON CONFLICT (id) DO UPDATE SET chapter_id = EXCLUDED.chapter_id, difficulty = EXCLUDED.difficulty, question = EXCLUDED.question, answer = EXCLUDED.answer, unit = EXCLUDED.unit, solution = EXCLUDED.solution, hints = EXCLUDED.hints;
INSERT INTO public.exercises (id, chapter_id, difficulty, question, answer, unit, solution, hints) VALUES ('prob-ex-7', 'probabilites', 'moyen', 'Un événement certain a une probabilité de combien ?', '1', '', 'Un événement certain a une probabilité de 1 (ou 100%).', '{"C''est sûr à 100%."}') ON CONFLICT (id) DO UPDATE SET chapter_id = EXCLUDED.chapter_id, difficulty = EXCLUDED.difficulty, question = EXCLUDED.question, answer = EXCLUDED.answer, unit = EXCLUDED.unit, solution = EXCLUDED.solution, hints = EXCLUDED.hints;
INSERT INTO public.exercises (id, chapter_id, difficulty, question, answer, unit, solution, hints) VALUES ('prob-ex-8', 'probabilites', 'difficile', 'Quelle est la probabilité d''obtenir deux fois pile en lançant deux pièces ?', '1/4', '', '4 résultats possibles (PP, PF, FP, FF), 1 seul donne PP = 1/4.', '{"Liste tous les résultats possibles."}') ON CONFLICT (id) DO UPDATE SET chapter_id = EXCLUDED.chapter_id, difficulty = EXCLUDED.difficulty, question = EXCLUDED.question, answer = EXCLUDED.answer, unit = EXCLUDED.unit, solution = EXCLUDED.solution, hints = EXCLUDED.hints;
INSERT INTO public.exercises (id, chapter_id, difficulty, question, answer, unit, solution, hints) VALUES ('prob-ex-9', 'probabilites', 'difficile', 'Un événement impossible a une probabilité de combien ?', '0', '', 'Un événement impossible a une probabilité de 0.', '{"Ça ne peut jamais arriver."}') ON CONFLICT (id) DO UPDATE SET chapter_id = EXCLUDED.chapter_id, difficulty = EXCLUDED.difficulty, question = EXCLUDED.question, answer = EXCLUDED.answer, unit = EXCLUDED.unit, solution = EXCLUDED.solution, hints = EXCLUDED.hints;
INSERT INTO public.exercises (id, chapter_id, difficulty, question, answer, unit, solution, hints) VALUES ('prob-ex-10', 'probabilites', 'difficile', 'Dans un jeu de 52 cartes, quelle est la probabilité de tirer un as ?', '1/13', '', '4 as sur 52 cartes = 4/52 = 1/13.', '{"4 as dans le jeu."}') ON CONFLICT (id) DO UPDATE SET chapter_id = EXCLUDED.chapter_id, difficulty = EXCLUDED.difficulty, question = EXCLUDED.question, answer = EXCLUDED.answer, unit = EXCLUDED.unit, solution = EXCLUDED.solution, hints = EXCLUDED.hints;
INSERT INTO public.exercises (id, chapter_id, difficulty, question, answer, unit, solution, hints) VALUES ('prop-ex-1', 'proportionnalite', 'facile', 'Si 2 kg de pommes coûtent 6 €, combien coûte 1 kg ?', '3', '€', '6 ÷ 2 = 3 € le kg.', '{"Divise par 2."}') ON CONFLICT (id) DO UPDATE SET chapter_id = EXCLUDED.chapter_id, difficulty = EXCLUDED.difficulty, question = EXCLUDED.question, answer = EXCLUDED.answer, unit = EXCLUDED.unit, solution = EXCLUDED.solution, hints = EXCLUDED.hints;
INSERT INTO public.exercises (id, chapter_id, difficulty, question, answer, unit, solution, hints) VALUES ('prop-ex-2', 'proportionnalite', 'facile', 'Si 1 stylo coûte 2 €, combien coûtent 5 stylos ?', '10', '€', '2 × 5 = 10 €.', '{"Multiplie par 5."}') ON CONFLICT (id) DO UPDATE SET chapter_id = EXCLUDED.chapter_id, difficulty = EXCLUDED.difficulty, question = EXCLUDED.question, answer = EXCLUDED.answer, unit = EXCLUDED.unit, solution = EXCLUDED.solution, hints = EXCLUDED.hints;
INSERT INTO public.exercises (id, chapter_id, difficulty, question, answer, unit, solution, hints) VALUES ('prop-ex-3', 'proportionnalite', 'facile', '3 gâteaux coûtent 9 €. Quel est le prix d''un gâteau ?', '3', '€', '9 ÷ 3 = 3 € le gâteau.', '{"Divise le prix total par 3."}') ON CONFLICT (id) DO UPDATE SET chapter_id = EXCLUDED.chapter_id, difficulty = EXCLUDED.difficulty, question = EXCLUDED.question, answer = EXCLUDED.answer, unit = EXCLUDED.unit, solution = EXCLUDED.solution, hints = EXCLUDED.hints;
INSERT INTO public.exercises (id, chapter_id, difficulty, question, answer, unit, solution, hints) VALUES ('prop-ex-4', 'proportionnalite', 'moyen', 'Si 2 kg de pommes coûtent 6 €, combien coûtent 5 kg ?', '15', '€', 'Prix pour 1 kg = 6 ÷ 2 = 3 €. Pour 5 kg : 5 × 3 = 15 €.', '{"Cherche d''abord le prix de 1 kg."}') ON CONFLICT (id) DO UPDATE SET chapter_id = EXCLUDED.chapter_id, difficulty = EXCLUDED.difficulty, question = EXCLUDED.question, answer = EXCLUDED.answer, unit = EXCLUDED.unit, solution = EXCLUDED.solution, hints = EXCLUDED.hints;
INSERT INTO public.exercises (id, chapter_id, difficulty, question, answer, unit, solution, hints) VALUES ('prop-ex-5', 'proportionnalite', 'moyen', 'Pour faire 4 crêpes, il faut 200 g de farine. Combien pour 10 crêpes ?', '500', 'g', '200 ÷ 4 = 50 g par crêpe. 50 × 10 = 500 g.', '{"Calcule pour 1 crêpe d''abord."}') ON CONFLICT (id) DO UPDATE SET chapter_id = EXCLUDED.chapter_id, difficulty = EXCLUDED.difficulty, question = EXCLUDED.question, answer = EXCLUDED.answer, unit = EXCLUDED.unit, solution = EXCLUDED.solution, hints = EXCLUDED.hints;
INSERT INTO public.exercises (id, chapter_id, difficulty, question, answer, unit, solution, hints) VALUES ('prop-ex-6', 'proportionnalite', 'moyen', 'Calcule 25% de 80.', '20', '', '25% = 25/100 = 1/4. 80 ÷ 4 = 20.', '{"25% = 1/4."}') ON CONFLICT (id) DO UPDATE SET chapter_id = EXCLUDED.chapter_id, difficulty = EXCLUDED.difficulty, question = EXCLUDED.question, answer = EXCLUDED.answer, unit = EXCLUDED.unit, solution = EXCLUDED.solution, hints = EXCLUDED.hints;
INSERT INTO public.exercises (id, chapter_id, difficulty, question, answer, unit, solution, hints) VALUES ('prop-ex-7', 'proportionnalite', 'moyen', 'Un article coûte 50 € avec 10% de réduction. Quel est le prix final ?', '45', '€', '10% de 50 = 5 €. Prix final = 50 - 5 = 45 €.', '{"Calcule 10% puis soustrais."}') ON CONFLICT (id) DO UPDATE SET chapter_id = EXCLUDED.chapter_id, difficulty = EXCLUDED.difficulty, question = EXCLUDED.question, answer = EXCLUDED.answer, unit = EXCLUDED.unit, solution = EXCLUDED.solution, hints = EXCLUDED.hints;
INSERT INTO public.exercises (id, chapter_id, difficulty, question, answer, unit, solution, hints) VALUES ('prop-ex-8', 'proportionnalite', 'difficile', 'Une voiture roule à 60 km/h. Quelle distance parcourt-elle en 2h30 ?', '150', 'km', '2h30 = 2,5 h. Distance = 60 × 2,5 = 150 km.', '{"Convertis 2h30 en heures décimales."}') ON CONFLICT (id) DO UPDATE SET chapter_id = EXCLUDED.chapter_id, difficulty = EXCLUDED.difficulty, question = EXCLUDED.question, answer = EXCLUDED.answer, unit = EXCLUDED.unit, solution = EXCLUDED.solution, hints = EXCLUDED.hints;
INSERT INTO public.exercises (id, chapter_id, difficulty, question, answer, unit, solution, hints) VALUES ('prop-ex-9', 'proportionnalite', 'difficile', 'Sur une carte à l''échelle 1:100000, 5 cm représentent quelle distance réelle ?', '5', 'km', '5 cm × 100000 = 500000 cm = 5000 m = 5 km.', '{"Multiplie par l''échelle puis convertis."}') ON CONFLICT (id) DO UPDATE SET chapter_id = EXCLUDED.chapter_id, difficulty = EXCLUDED.difficulty, question = EXCLUDED.question, answer = EXCLUDED.answer, unit = EXCLUDED.unit, solution = EXCLUDED.solution, hints = EXCLUDED.hints;
INSERT INTO public.exercises (id, chapter_id, difficulty, question, answer, unit, solution, hints) VALUES ('prop-ex-10', 'proportionnalite', 'difficile', 'Calcule 15% de 240.', '36', '', '15% = 15/100. 240 × 15/100 = 240 × 0,15 = 36.', '{"Multiplie par 0,15."}') ON CONFLICT (id) DO UPDATE SET chapter_id = EXCLUDED.chapter_id, difficulty = EXCLUDED.difficulty, question = EXCLUDED.question, answer = EXCLUDED.answer, unit = EXCLUDED.unit, solution = EXCLUDED.solution, hints = EXCLUDED.hints;
INSERT INTO public.exercises (id, chapter_id, difficulty, question, answer, unit, solution, hints) VALUES ('info-ex-1', 'pensee-informatique', 'facile', 'Un robot avance de 5 pas, tourne, puis avance de 5 pas. S''il répète cela 4 fois, combien de pas fait-il ?', '40', 'pas', 'Chaque série fait 5 + 5 = 10 pas. Répété 4 fois : 10 × 4 = 40 pas.', '{"Calcule le nombre de pas dans une boucle."}') ON CONFLICT (id) DO UPDATE SET chapter_id = EXCLUDED.chapter_id, difficulty = EXCLUDED.difficulty, question = EXCLUDED.question, answer = EXCLUDED.answer, unit = EXCLUDED.unit, solution = EXCLUDED.solution, hints = EXCLUDED.hints;
INSERT INTO public.exercises (id, chapter_id, difficulty, question, answer, unit, solution, hints) VALUES ('info-ex-2', 'pensee-informatique', 'facile', 'Combien de fois la boucle s''exécute-t-elle : pour i de 1 à 5 ?', '5', 'fois', 'La boucle s''exécute 5 fois (i = 1, 2, 3, 4, 5).', '{"Compte de 1 à 5."}') ON CONFLICT (id) DO UPDATE SET chapter_id = EXCLUDED.chapter_id, difficulty = EXCLUDED.difficulty, question = EXCLUDED.question, answer = EXCLUDED.answer, unit = EXCLUDED.unit, solution = EXCLUDED.solution, hints = EXCLUDED.hints;
INSERT INTO public.exercises (id, chapter_id, difficulty, question, answer, unit, solution, hints) VALUES ('info-ex-3', 'pensee-informatique', 'facile', 'Si un algorithme dit ''répète 3 fois : ajoute 2'', en partant de 0, quel est le résultat ?', '6', '', '0 + 2 + 2 + 2 = 6.', '{"Ajoute 2 trois fois."}') ON CONFLICT (id) DO UPDATE SET chapter_id = EXCLUDED.chapter_id, difficulty = EXCLUDED.difficulty, question = EXCLUDED.question, answer = EXCLUDED.answer, unit = EXCLUDED.unit, solution = EXCLUDED.solution, hints = EXCLUDED.hints;
INSERT INTO public.exercises (id, chapter_id, difficulty, question, answer, unit, solution, hints) VALUES ('info-ex-4', 'pensee-informatique', 'moyen', 'Un robot tourne de 90° à droite 4 fois. De combien a-t-il tourné au total ?', '360', '°', '90 × 4 = 360° (un tour complet).', '{"Multiplie 90 par 4."}') ON CONFLICT (id) DO UPDATE SET chapter_id = EXCLUDED.chapter_id, difficulty = EXCLUDED.difficulty, question = EXCLUDED.question, answer = EXCLUDED.answer, unit = EXCLUDED.unit, solution = EXCLUDED.solution, hints = EXCLUDED.hints;
INSERT INTO public.exercises (id, chapter_id, difficulty, question, answer, unit, solution, hints) VALUES ('info-ex-5', 'pensee-informatique', 'moyen', 'Si un programme double un nombre 3 fois en partant de 2, quel est le résultat ?', '16', '', '2 × 2 = 4, 4 × 2 = 8, 8 × 2 = 16.', '{"Double à chaque étape."}') ON CONFLICT (id) DO UPDATE SET chapter_id = EXCLUDED.chapter_id, difficulty = EXCLUDED.difficulty, question = EXCLUDED.question, answer = EXCLUDED.answer, unit = EXCLUDED.unit, solution = EXCLUDED.solution, hints = EXCLUDED.hints;
INSERT INTO public.exercises (id, chapter_id, difficulty, question, answer, unit, solution, hints) VALUES ('info-ex-6', 'pensee-informatique', 'moyen', 'Combien de pas fait un carré de côté 10 si le robot trace tous les côtés ?', '40', 'pas', '4 côtés × 10 pas = 40 pas.', '{"4 côtés dans un carré."}') ON CONFLICT (id) DO UPDATE SET chapter_id = EXCLUDED.chapter_id, difficulty = EXCLUDED.difficulty, question = EXCLUDED.question, answer = EXCLUDED.answer, unit = EXCLUDED.unit, solution = EXCLUDED.solution, hints = EXCLUDED.hints;
INSERT INTO public.exercises (id, chapter_id, difficulty, question, answer, unit, solution, hints) VALUES ('info-ex-7', 'pensee-informatique', 'moyen', 'Un algorithme compte de 2 en 2 : 2, 4, 6, ... Quel est le 5ème nombre ?', '10', '', '2, 4, 6, 8, 10. Le 5ème est 10.', '{"Continue la suite."}') ON CONFLICT (id) DO UPDATE SET chapter_id = EXCLUDED.chapter_id, difficulty = EXCLUDED.difficulty, question = EXCLUDED.question, answer = EXCLUDED.answer, unit = EXCLUDED.unit, solution = EXCLUDED.solution, hints = EXCLUDED.hints;
INSERT INTO public.exercises (id, chapter_id, difficulty, question, answer, unit, solution, hints) VALUES ('info-ex-8', 'pensee-informatique', 'difficile', 'Pour tracer un triangle équilatéral, le robot doit tourner de combien à chaque sommet ?', '120', '°', '360° ÷ 3 = 120° par sommet.', '{"Divise 360 par le nombre de côtés."}') ON CONFLICT (id) DO UPDATE SET chapter_id = EXCLUDED.chapter_id, difficulty = EXCLUDED.difficulty, question = EXCLUDED.question, answer = EXCLUDED.answer, unit = EXCLUDED.unit, solution = EXCLUDED.solution, hints = EXCLUDED.hints;
INSERT INTO public.exercises (id, chapter_id, difficulty, question, answer, unit, solution, hints) VALUES ('info-ex-9', 'pensee-informatique', 'difficile', 'Un algorithme calcule n × 2 + 3. Si n = 7, quel est le résultat ?', '17', '', '7 × 2 + 3 = 14 + 3 = 17.', '{"Multiplie d''abord, puis ajoute."}') ON CONFLICT (id) DO UPDATE SET chapter_id = EXCLUDED.chapter_id, difficulty = EXCLUDED.difficulty, question = EXCLUDED.question, answer = EXCLUDED.answer, unit = EXCLUDED.unit, solution = EXCLUDED.solution, hints = EXCLUDED.hints;
INSERT INTO public.exercises (id, chapter_id, difficulty, question, answer, unit, solution, hints) VALUES ('info-ex-10', 'pensee-informatique', 'difficile', 'Pour tracer un hexagone régulier, le robot tourne de combien à chaque sommet ?', '60', '°', '360° ÷ 6 = 60°.', '{"360 divisé par le nombre de côtés."}') ON CONFLICT (id) DO UPDATE SET chapter_id = EXCLUDED.chapter_id, difficulty = EXCLUDED.difficulty, question = EXCLUDED.question, answer = EXCLUDED.answer, unit = EXCLUDED.unit, solution = EXCLUDED.solution, hints = EXCLUDED.hints;

-- Formules
INSERT INTO public.formulas (id, chapter_id, title, formula, description, tags, examples) VALUES ('dec-1', 'nombres-entiers-decimaux', 'Décomposition décimale', '12,345 = 12 + 3/10 + 4/100 + 5/1000', 'Chaque chiffre après la virgule indique des dixièmes, centièmes, millièmes… La valeur de position permet de lire, comparer et arrondir.', '{"Décimaux","Numération"}', '[{"context":"0,75","calculation":"7 est le chiffre des dixièmes, 5 des centièmes."},{"context":"Arrondir 3,486 au centième","calculation":"3,49 car le chiffre suivant (6) est ≥ 5."}]') ON CONFLICT (id) DO UPDATE SET chapter_id = EXCLUDED.chapter_id, title = EXCLUDED.title, formula = EXCLUDED.formula, description = EXCLUDED.description, tags = EXCLUDED.tags, examples = EXCLUDED.examples;
INSERT INTO public.formulas (id, chapter_id, title, formula, description, tags, examples) VALUES ('frac-1', 'fractions', 'Fraction quotient', 'a/b = a ÷ b', 'La fraction représente le quotient de a par b : (a/b) × b = a. Elle peut se placer sur une droite graduée et se simplifier.', '{"Fractions","Division"}', '[{"context":"4 × (3/4)","calculation":"4 × 3/4 = 3"},{"context":"Simplifier 6/12","calculation":"6/12 = (6÷6)/(12÷6) = 1/2"}]') ON CONFLICT (id) DO UPDATE SET chapter_id = EXCLUDED.chapter_id, title = EXCLUDED.title, formula = EXCLUDED.formula, description = EXCLUDED.description, tags = EXCLUDED.tags, examples = EXCLUDED.examples;
INSERT INTO public.formulas (id, chapter_id, title, formula, description, tags, examples) VALUES ('frac-2', 'fractions', 'Part d''une quantité', 'Part = (k / n) × Q', 'Pour prendre k parts sur n d''une quantité Q, on multiplie Q par la fraction k/n.', '{"Fractions","Proportion"}', '[{"context":"3/4 de 20 €","calculation":"20 × 3/4 = 15 €"},{"context":"2/3 de 12","calculation":"12 × 2/3 = 8"}]') ON CONFLICT (id) DO UPDATE SET chapter_id = EXCLUDED.chapter_id, title = EXCLUDED.title, formula = EXCLUDED.formula, description = EXCLUDED.description, tags = EXCLUDED.tags, examples = EXCLUDED.examples;
INSERT INTO public.formulas (id, chapter_id, title, formula, description, tags, examples) VALUES ('aire-rect', 'aires', 'Aire du rectangle', 'A = L × l', 'Surface obtenue en multipliant longueur par largeur. Attention aux unités (cm × cm = cm²).', '{"Géométrie","Aire"}', '[{"context":"8 cm × 5 cm","calculation":"A = 8 × 5 = 40 cm²"}]') ON CONFLICT (id) DO UPDATE SET chapter_id = EXCLUDED.chapter_id, title = EXCLUDED.title, formula = EXCLUDED.formula, description = EXCLUDED.description, tags = EXCLUDED.tags, examples = EXCLUDED.examples;
INSERT INTO public.formulas (id, chapter_id, title, formula, description, tags, examples) VALUES ('aire-tri', 'aires', 'Aire du triangle', 'A = (b × h) / 2', 'On prend la moitié du produit base × hauteur (hauteur perpendiculaire à la base).', '{"Géométrie","Aire"}', '[{"context":"b = 10 cm, h = 6 cm","calculation":"A = (10 × 6) / 2 = 30 cm²"}]') ON CONFLICT (id) DO UPDATE SET chapter_id = EXCLUDED.chapter_id, title = EXCLUDED.title, formula = EXCLUDED.formula, description = EXCLUDED.description, tags = EXCLUDED.tags, examples = EXCLUDED.examples;
INSERT INTO public.formulas (id, chapter_id, title, formula, description, tags, examples) VALUES ('aire-disque', 'aires', 'Aire du disque', 'A = π × r²', 'La surface d''un disque dépend du carré du rayon. Utiliser π ≈ 3,14.', '{"Cercle","Aire"}', '[{"context":"r = 4 cm","calculation":"A ≈ 3,14 × 4² = 50,24 cm²"}]') ON CONFLICT (id) DO UPDATE SET chapter_id = EXCLUDED.chapter_id, title = EXCLUDED.title, formula = EXCLUDED.formula, description = EXCLUDED.description, tags = EXCLUDED.tags, examples = EXCLUDED.examples;
INSERT INTO public.formulas (id, chapter_id, title, formula, description, tags, examples) VALUES ('perim-cercle', 'longueurs', 'Circonférence du cercle', 'C = 2 × π × r = π × D', 'Le périmètre du cercle se calcule avec le rayon r ou le diamètre D.', '{"Cercle","Longueur"}', '[{"context":"r = 5 cm","calculation":"C ≈ 2 × 3,14 × 5 = 31,4 cm"}]') ON CONFLICT (id) DO UPDATE SET chapter_id = EXCLUDED.chapter_id, title = EXCLUDED.title, formula = EXCLUDED.formula, description = EXCLUDED.description, tags = EXCLUDED.tags, examples = EXCLUDED.examples;
INSERT INTO public.formulas (id, chapter_id, title, formula, description, tags, examples) VALUES ('perim-rect', 'longueurs', 'Périmètre du rectangle', 'P = 2 × (L + l)', 'Somme des longueurs des 4 côtés d''un rectangle (deux longueurs, deux largeurs).', '{"Longueur","Périmètre"}', '[{"context":"L = 9 cm, l = 5 cm","calculation":"P = 2 × (9 + 5) = 28 cm"}]') ON CONFLICT (id) DO UPDATE SET chapter_id = EXCLUDED.chapter_id, title = EXCLUDED.title, formula = EXCLUDED.formula, description = EXCLUDED.description, tags = EXCLUDED.tags, examples = EXCLUDED.examples;
INSERT INTO public.formulas (id, chapter_id, title, formula, description, tags, examples) VALUES ('vol-cube', 'volumes', 'Volume du cube', 'V = c³', 'On multiplie l''arête c trois fois. L''unité devient un cube (cm³, m³).', '{"Volume","Solide"}', '[{"context":"c = 3 cm","calculation":"V = 3 × 3 × 3 = 27 cm³"}]') ON CONFLICT (id) DO UPDATE SET chapter_id = EXCLUDED.chapter_id, title = EXCLUDED.title, formula = EXCLUDED.formula, description = EXCLUDED.description, tags = EXCLUDED.tags, examples = EXCLUDED.examples;
INSERT INTO public.formulas (id, chapter_id, title, formula, description, tags, examples) VALUES ('vol-pave', 'volumes', 'Volume du pavé droit', 'V = L × l × h', 'Produit des trois dimensions : longueur, largeur, hauteur.', '{"Volume","Solide"}', '[{"context":"6 cm × 4 cm × 5 cm","calculation":"V = 6 × 4 × 5 = 120 cm³"}]') ON CONFLICT (id) DO UPDATE SET chapter_id = EXCLUDED.chapter_id, title = EXCLUDED.title, formula = EXCLUDED.formula, description = EXCLUDED.description, tags = EXCLUDED.tags, examples = EXCLUDED.examples;
INSERT INTO public.formulas (id, chapter_id, title, formula, description, tags, examples) VALUES ('vol-litre', 'volumes', 'Équivalence litre - cm³', '1 L = 1000 cm³', 'Relation clé entre volume (cm³) et capacité (litre).', '{"Volume","Conversion"}', '[{"context":"2 L en cm³","calculation":"2 × 1000 = 2000 cm³"}]') ON CONFLICT (id) DO UPDATE SET chapter_id = EXCLUDED.chapter_id, title = EXCLUDED.title, formula = EXCLUDED.formula, description = EXCLUDED.description, tags = EXCLUDED.tags, examples = EXCLUDED.examples;
INSERT INTO public.formulas (id, chapter_id, title, formula, description, tags, examples) VALUES ('prop-1', 'proportionnalite', 'Règle de trois', 'x = (b × c) ÷ a', 'Dans un tableau proportionnel (a ↔ b), (c ↔ x), on calcule la quatrième proportionnelle en multipliant en croix puis en divisant.', '{"Proportionnalité","Pourcentage"}', '[{"context":"2 kg → 6 € ; 5 kg → ?","calculation":"x = (6 × 5) ÷ 2 = 15 €"}]') ON CONFLICT (id) DO UPDATE SET chapter_id = EXCLUDED.chapter_id, title = EXCLUDED.title, formula = EXCLUDED.formula, description = EXCLUDED.description, tags = EXCLUDED.tags, examples = EXCLUDED.examples;
INSERT INTO public.formulas (id, chapter_id, title, formula, description, tags, examples) VALUES ('prop-2', 'proportionnalite', 'Pourcentage', 'Part = Total × (p / 100)', 'Un pourcentage p% d''un total se calcule en multipliant par p puis en divisant par 100.', '{"Pourcentage","Proportionnalité"}', '[{"context":"25% de 80","calculation":"80 × 25 / 100 = 20"}]') ON CONFLICT (id) DO UPDATE SET chapter_id = EXCLUDED.chapter_id, title = EXCLUDED.title, formula = EXCLUDED.formula, description = EXCLUDED.description, tags = EXCLUDED.tags, examples = EXCLUDED.examples;
INSERT INTO public.formulas (id, chapter_id, title, formula, description, tags, examples) VALUES ('temps-1', 'temps-durees', 'Conversions de durées', '1 h = 60 min ; 1 min = 60 s', 'Pour passer des heures aux minutes ou secondes, on multiplie ; pour revenir, on divise.', '{"Temps","Conversion"}', '[{"context":"2 h 30 min en minutes","calculation":"2 × 60 + 30 = 150 min"}]') ON CONFLICT (id) DO UPDATE SET chapter_id = EXCLUDED.chapter_id, title = EXCLUDED.title, formula = EXCLUDED.formula, description = EXCLUDED.description, tags = EXCLUDED.tags, examples = EXCLUDED.examples;
INSERT INTO public.formulas (id, chapter_id, title, formula, description, tags, examples) VALUES ('algo-1', 'pensee-informatique', 'Boucle ''répéter n fois''', 'Répéter n fois : bloc d''instructions', 'Une boucle exécute le même bloc plusieurs fois. Utile pour tracer des figures régulières ou répéter une action.', '{"Algorithme","Répétition"}', '[{"context":"Tracer un carré de côté 10","calculation":"Répéter 4 fois : avancer 10 ; tourner 90°"}]') ON CONFLICT (id) DO UPDATE SET chapter_id = EXCLUDED.chapter_id, title = EXCLUDED.title, formula = EXCLUDED.formula, description = EXCLUDED.description, tags = EXCLUDED.tags, examples = EXCLUDED.examples;
